序号,全局序号,消融模型,去除模块,情景类别,题型,来源标签,模块标签,模块标签说明,难度,问题,参考答案,模型回答,是否正确,部分准确率,耗时毫秒,回答路径,上下文精确率,证据召回率,幻觉标记,多跳路径覆盖率,上下文条数,缺失文本项,缺失数值项,命中数值,无证据编号,无证据数值,标准文本项,标准数值项,预期字段,原始行号,错误信息
1,1,Full-ΣMi残差模型,M1+M2+M3+M4,风险影响评估类,project_avg_rpn,,M2_规则推理,规则推理,中等,项目/功能“动力电池”的平均RPN是多少？,平均RPN=133.00,133,正确,1.0,4866.69,语义RAG,0.3333,1.0,0,,3,,,133.0,,,,133.0,RPN,1,
2,2,Full-ΣMi残差模型,M1+M2+M3+M4,风险影响评估类,project_top_mode,,M2_规则推理,规则推理,中等,项目/功能“动力电池”里RPN最高的失效模式是什么？,单体电压过低；RPN=168.0,单体电压过低,错误,0.5,831.53,语义RAG,0.6667,1.0,0,,3,,168.0,,,,单体电压过低,168.0,FailureMode；RPN,1,
3,3,Full-ΣMi残差模型,M1+M2+M3+M4,风险影响评估类,project_top_effect,,M2_规则推理,规则推理,中等,项目/功能“动力电池”里RPN最高的那条，它的后果是什么？,影响用户使用,影响用户使用,正确,1.0,367.51,语义RAG,0.6667,1.0,0,1.0,3,,,,,,影响用户使用,,FailureEffect,1,
4,4,Full-ΣMi残差模型,M1+M2+M3+M4,故障原因诊断类,cause_code,,M1_编号直答,CSV直答,简单,FMEA编号“LFP001”这条的潜在失效原因/机理是什么？,1、电池组开路 2、未明确区分正负极 3、主电缆未连接、连接错误或器件损坏,失效原因是：1、电池组开路 2、未明确区分正负极 3、主电缆未连接、连接错误或器件损坏。,正确,1.0,664.47,语义RAG,0.3333,1.0,0,,3,,,1.0；2.0；3.0,,,1、电池组开路 2、未明确区分正负极 3、主电缆未连接、连接错误或器件损坏,,,0,
5,5,Full-ΣMi残差模型,M1+M2+M3+M4,风险影响评估类,effect_code,,M1_编号直答,CSV直答,简单,FMEA编号“LFP001”这条的潜在失效后果是什么？,电池组无法工作,电池组无法工作,正确,1.0,458.75,语义RAG,0.3333,1.0,0,,3,,,,,,电池组无法工作,,,0,
6,6,Full-ΣMi残差模型,M1+M2+M3+M4,风险影响评估类,rpn_code,,M1_编号直答,CSV直答,简单,FMEA编号“LFP001”这条的RPN是多少？,RPN=63.0,63,正确,1.0,310.9,语义RAG,0.3333,1.0,0,,3,,,63.0,,,,63.0,RPN,0,
7,7,Full-ΣMi残差模型,M1+M2+M3+M4,风险影响评估类,s_code,,M1_编号直答,CSV直答,简单,FMEA编号“LFP001”这条的S是多少？,S=7.0,7,正确,1.0,281.95,语义RAG,0.3333,1.0,0,,3,,,7.0,,,,7.0,S,0,
8,8,Full-ΣMi残差模型,M1+M2+M3+M4,风险影响评估类,o_code,,M1_编号直答,CSV直答,简单,FMEA编号“LFP001”这条的O是多少？,O=3.0,3,正确,1.0,280.9,语义RAG,0.3333,1.0,0,,3,,,3.0,,,,3.0,O,0,
9,9,Full-ΣMi残差模型,M1+M2+M3+M4,风险影响评估类,d_code,,M1_编号直答,CSV直答,简单,FMEA编号“LFP001”这条的D是多少？,D=3.0,3,正确,1.0,268.39,语义RAG,0.3333,1.0,0,,3,,,3.0,,,,3.0,D,0,
10,10,Full-ΣMi残差模型,M1+M2+M3+M4,故障措施推荐类,action_code,,M1_编号直答,CSV直答,简单,FMEA编号“LFP001”这条的建议措施是什么？,现场更换损坏器件和改正错误,建议措施 / RecommendedAction / action / 怎么处理 / 咋处理: 现场更换损坏器件和改正错误,正确,1.0,529.17,语义RAG,0.3333,1.0,0,,3,,,,,,现场更换损坏器件和改正错误,,RecommendedAction,0,
11,11,Full-ΣMi残差模型,M1+M2+M3+M4,故障原因诊断类,cause_mode,,M3_查询理解与语义检索增强,口语化/模糊检索,简单,失效模式“现场电池组无输出电压”对应的潜在失效原因/机理是什么？,1、电池组开路 2、未明确区分正负极 3、主电缆未连接、连接错误或器件损坏,上下文中的失效模式并不包含“现场电池组无输出电压”， closest 的失效模式是 “高压箱 输出不受控制”，其失效原因是 “元器件损坏”。因此，根据提供的信息，“现场电池组无输出电压”的潜在失效原因/机理可能是 元器件损坏。,错误,0.0,1263.58,语义RAG,0.0,0.0,0,,3,1、电池组开路 2、未明确区分正负极 3、主电缆未连接、连接错误或器件损坏,,,,,1、电池组开路 2、未明确区分正负极 3、主电缆未连接、连接错误或器件损坏,,,0,
12,12,Full-ΣMi残差模型,M1+M2+M3+M4,风险影响评估类,effect_mode,,M3_查询理解与语义检索增强,口语化/模糊检索,简单,失效模式“现场电池组无输出电压”对应的潜在失效后果是什么？,电池组无法工作,你提到的失效模式“现场电池组无输出电压”在提供的上下文中并没有出现，因此我无法根据给定的信息回答这个问题。根据现有信息，最接近的是“失效模式 / FailureMode / problem / issue / 毛病 / 啥问题 / 什么坏: 输出不受控制”，其对应的失效后果是“安全事故”。但请注意这并不是你所询问的失效模式。,错误,0.0,1174.09,语义RAG,0.0,0.0,0,,3,电池组无法工作,,,,,电池组无法工作,,,0,
13,13,Full-ΣMi残差模型,M1+M2+M3+M4,风险影响评估类,rpn_mode,,M3_查询理解与语义检索增强,口语化/模糊检索,简单,失效模式“现场电池组无输出电压”的RPN是多少？,RPN=63.0,不知道。,错误,0.0,282.62,语义RAG,0.0,0.0,0,,3,,63.0,,,,,63.0,RPN,0,
14,14,Full-ΣMi残差模型,M1+M2+M3+M4,故障措施推荐类,action_mode,,M3_查询理解与语义检索增强,口语化/模糊检索,简单,失效模式“现场电池组无输出电压”对应的建议措施是什么？,现场更换损坏器件和改正错误,不知道。上下文中的失效模式没有包含“现场电池组无输出电压”。,错误,0.0,443.8,语义RAG,0.0,0.0,0,,3,现场更换损坏器件和改正错误,,,,,现场更换损坏器件和改正错误,,RecommendedAction,0,
15,15,Full-ΣMi残差模型,M1+M2+M3+M4,故障原因诊断类,cause_colloquial,,M3_查询理解与语义检索增强,口语化/模糊检索,中等,在项目/功能“动力电池”里，失效模式“现场电池组无输出电压”这个问题，原因讲白一点是什么？,1、电池组开路 2、未明确区分正负极 3、主电缆未连接、连接错误或器件损坏,原因是电池组开路、未明确区分正负极、主电缆未连接、连接错误或器件损坏。,错误,0.0,946.69,语义RAG,0.6667,1.0,0,,3,1、电池组开路 2、未明确区分正负极 3、主电缆未连接、连接错误或器件损坏,,,,,1、电池组开路 2、未明确区分正负极 3、主电缆未连接、连接错误或器件损坏,,,0,
16,16,Full-ΣMi残差模型,M1+M2+M3+M4,风险影响评估类,effect_colloquial,,M3_查询理解与语义检索增强,口语化/模糊检索,中等,在项目/功能“动力电池”里，失效模式“现场电池组无输出电压”最后会带来什么后果？,电池组无法工作,电池组无法工作,正确,1.0,475.48,语义RAG,1.0,1.0,0,,3,,,,,,电池组无法工作,,,0,
17,17,Full-ΣMi残差模型,M1+M2+M3+M4,故障措施推荐类,action_colloquial,,M3_查询理解与语义检索增强,口语化/模糊检索,中等,在项目/功能“动力电池”里，失效模式“现场电池组无输出电压”一般怎么处理？,现场更换损坏器件和改正错误,建议措施=现场更换损坏器件和改正错误.,正确,1.0,520.46,语义RAG,1.0,1.0,0,,3,,,,,,现场更换损坏器件和改正错误,,,0,
18,18,Full-ΣMi残差模型,M1+M2+M3+M4,风险影响评估类,risk_colloquial,,M3_查询理解与语义检索增强,口语化/模糊检索,中等,在项目/功能“动力电池”里，失效模式“现场电池组无输出电压”的风险最后会体现成什么？,电池组无法工作,后果: 电池组无法工作,正确,1.0,509.42,语义RAG,1.0,1.0,0,,3,,,,,,电池组无法工作,,,0,
19,19,Full-ΣMi残差模型,M1+M2+M3+M4,故障原因诊断类,cause_bool,,M4_证据裁决,证据裁决,简单,FMEA编号“LFP001”对应的原因是否就是“1、电池组开路 2、未明确区分正负极 3、主电缆未连接、连接错误或器件损坏”？,是,是的，FMEA编号“LFP001”对应的原因就是“1、电池组开路 2、未明确区分正负极 3、主电缆未连接、连接错误或器件损坏”。,正确,1.0,1174.79,语义RAG,0.6667,0.6667,0,,3,,,,,,,,是/否判断,0,
20,20,Full-ΣMi残差模型,M1+M2+M3+M4,风险影响评估类,risk_bool,,M4_证据裁决,证据裁决,简单,FMEA编号“LFP001”对应的后果是否就是“电池组无法工作”？,是,是的，FMEA编号“LFP001”对应的后果就是“电池组无法工作”。,正确,1.0,909.65,语义RAG,0.3333,0.3333,0,,3,,,,,,,,是/否判断,0,
21,21,Full-ΣMi残差模型,M1+M2+M3+M4,风险影响评估类,mode_project_bool,,M4_证据裁决,证据裁决,简单,失效模式“现场电池组无输出电压”是不是出现在项目/功能“动力电池”里？,是,是的，失效模式“现场电池组无输出电压”出现在项目/功能“动力电池”里。,正确,1.0,609.16,语义RAG,1.0,1.0,0,,3,,,,,,,,是/否判断,0,
22,22,Full-ΣMi残差模型,M1+M2+M3+M4,风险影响评估类,risk_mode_code,,M3_查询理解与语义检索增强,口语化/模糊检索,简单,失效模式“现场电池组无输出电压”对应的FMEA编号是什么？,LFP001,不知道。上下文中的失效模式没有提到“现场电池组无输出电压”。,错误,0.0,590.5,语义RAG,0.0,0.0,0,,3,LFP001,,,,,LFP001,,FmeaID,0,
23,23,Full-ΣMi残差模型,M1+M2+M3+M4,风险影响评估类,risk_mode_project,,M3_查询理解与语义检索增强,口语化/模糊检索,简单,在项目/功能“动力电池”里，失效模式“现场电池组无输出电压”的后果是什么？,电池组无法工作,电池组无法工作,正确,1.0,808.29,语义RAG,1.0,1.0,0,,3,,,,,,电池组无法工作,,,0,
24,24,Full-ΣMi残差模型,M1+M2+M3+M4,故障原因诊断类,cause_code,,M1_编号直答,CSV直答,简单,FMEA编号“LFP002”这条的潜在失效原因/机理是什么？,单节电池容量降低或损坏,单节电池容量降低或损坏。,正确,1.0,496.5,语义RAG,0.6667,1.0,0,,3,,,,,,单节电池容量降低或损坏,,,1,
25,25,Full-ΣMi残差模型,M1+M2+M3+M4,风险影响评估类,effect_code,,M1_编号直答,CSV直答,简单,FMEA编号“LFP002”这条的潜在失效后果是什么？,影响用户使用,不知道。,错误,0.0,406.55,语义RAG,0.0,0.0,0,,3,影响用户使用,,,,,影响用户使用,,,1,
26,26,Full-ΣMi残差模型,M1+M2+M3+M4,风险影响评估类,rpn_code,,M1_编号直答,CSV直答,简单,FMEA编号“LFP002”这条的RPN是多少？,RPN=168.0,不知道。,错误,0.0,279.46,语义RAG,0.0,0.0,0,,3,,168.0,,,,,168.0,RPN,1,
27,27,Full-ΣMi残差模型,M1+M2+M3+M4,风险影响评估类,s_code,,M1_编号直答,CSV直答,简单,FMEA编号“LFP002”这条的S是多少？,S=7.0,不知道。,错误,0.0,257.01,语义RAG,0.0,1.0,0,,3,,7.0,,,,,7.0,S,1,
28,28,Full-ΣMi残差模型,M1+M2+M3+M4,风险影响评估类,o_code,,M1_编号直答,CSV直答,简单,FMEA编号“LFP002”这条的O是多少？,O=4.0,这个问题中没有找到FMEA编号为“LFP002”的记录，根据提供的上下文信息，只有编号为“LFP001”，其发生度/O为3。因此无法回答FMEA编号“LFP002”这条的O是多少。,错误,0.0,736.34,语义RAG,0.0,1.0,0,,3,,4.0,,,,,4.0,O,1,
29,29,Full-ΣMi残差模型,M1+M2+M3+M4,风险影响评估类,d_code,,M1_编号直答,CSV直答,简单,FMEA编号“LFP002”这条的D是多少？,D=6.0,不知道。,错误,0.0,259.79,语义RAG,0.0,0.0,0,,3,,6.0,,,,,6.0,D,1,
30,30,Full-ΣMi残差模型,M1+M2+M3+M4,故障措施推荐类,action_code,,M1_编号直答,CSV直答,简单,FMEA编号“LFP002”这条的建议措施是什么？,更换电压过低电池,不知道。,错误,0.0,301.09,语义RAG,0.0,0.0,0,,3,更换电压过低电池,,,,,更换电压过低电池,,RecommendedAction,1,
31,31,Full-ΣMi残差模型,M1+M2+M3+M4,故障原因诊断类,cause_mode,,M3_查询理解与语义检索增强,口语化/模糊检索,简单,失效模式“单体电压过低”对应的潜在失效原因/机理是什么？,单节电池容量降低或损坏,单体电压过低的失效原因是单节电池容量降低或损坏。,正确,1.0,864.58,语义RAG,0.6667,1.0,0,,3,,,,,,单节电池容量降低或损坏,,,1,
32,32,Full-ΣMi残差模型,M1+M2+M3+M4,风险影响评估类,effect_mode,,M3_查询理解与语义检索增强,口语化/模糊检索,简单,失效模式“单体电压过低”对应的潜在失效后果是什么？,影响用户使用,你提到的失效模式“单体电压过低”不在提供的上下文中出现，因此根据现有信息，我无法回答这个问题。,错误,0.0,660.53,语义RAG,0.0,0.0,0,,3,影响用户使用,,,,,影响用户使用,,,1,
33,33,Full-ΣMi残差模型,M1+M2+M3+M4,风险影响评估类,rpn_mode,,M3_查询理解与语义检索增强,口语化/模糊检索,简单,失效模式“单体电压过低”的RPN是多少？,RPN=168.0,不知道。,错误,0.0,261.44,语义RAG,0.0,0.0,0,,3,,168.0,,,,,168.0,RPN,1,
34,34,Full-ΣMi残差模型,M1+M2+M3+M4,故障措施推荐类,action_mode,,M3_查询理解与语义检索增强,口语化/模糊检索,简单,失效模式“单体电压过低”对应的建议措施是什么？,更换电压过低电池,不知道。上下文中的失效模式没有包含“单体电压过低”。,错误,0.0,390.47,语义RAG,0.0,0.0,0,,3,更换电压过低电池,,,,,更换电压过低电池,,RecommendedAction,1,
35,35,Full-ΣMi残差模型,M1+M2+M3+M4,故障原因诊断类,cause_colloquial,,M3_查询理解与语义检索增强,口语化/模糊检索,中等,在项目/功能“动力电池”里，失效模式“单体电压过低”这个问题，原因讲白一点是什么？,单节电池容量降低或损坏,单节电池容量降低或损坏。,正确,1.0,827.03,语义RAG,0.6667,1.0,0,,3,,,,,,单节电池容量降低或损坏,,,1,
36,36,Full-ΣMi残差模型,M1+M2+M3+M4,风险影响评估类,effect_colloquial,,M3_查询理解与语义检索增强,口语化/模糊检索,中等,在项目/功能“动力电池”里，失效模式“单体电压过低”最后会带来什么后果？,影响用户使用,影响用户使用,正确,1.0,469.07,语义RAG,1.0,1.0,0,,3,,,,,,影响用户使用,,,1,
37,37,Full-ΣMi残差模型,M1+M2+M3+M4,故障措施推荐类,action_colloquial,,M3_查询理解与语义检索增强,口语化/模糊检索,中等,在项目/功能“动力电池”里，失效模式“单体电压过低”一般怎么处理？,更换电压过低电池,建议措施=更换电压过低电池.,正确,1.0,529.47,语义RAG,0.6667,1.0,0,,3,,,,,,更换电压过低电池,,,1,
38,38,Full-ΣMi残差模型,M1+M2+M3+M4,风险影响评估类,risk_colloquial,,M3_查询理解与语义检索增强,口语化/模糊检索,中等,在项目/功能“动力电池”里，失效模式“单体电压过低”的风险最后会体现成什么？,影响用户使用,影响用户使用,正确,1.0,380.99,语义RAG,1.0,1.0,0,,3,,,,,,影响用户使用,,,1,
39,39,Full-ΣMi残差模型,M1+M2+M3+M4,故障原因诊断类,cause_bool,,M4_证据裁决,证据裁决,简单,FMEA编号“LFP002”对应的原因是否就是“单节电池容量降低或损坏”？,是,是的，FMEA编号“LFP002”对应的原因就是“单节电池容量降低或损坏”。,正确,1.0,636.97,语义RAG,0.6667,0.6667,0,,3,,,,,,,,是/否判断,1,
40,40,Full-ΣMi残差模型,M1+M2+M3+M4,风险影响评估类,risk_bool,,M4_证据裁决,证据裁决,简单,FMEA编号“LFP002”对应的后果是否就是“影响用户使用”？,是,不是。FMEA编号“LFP001”对应的失效后果是“电池组无法工作”，而不是“影响用户使用”。,错误,0.0,657.86,语义RAG,0.0,0.0,0,,3,是/否判断,,,,,,,是/否判断,1,
41,41,Full-ΣMi残差模型,M1+M2+M3+M4,风险影响评估类,mode_project_bool,,M4_证据裁决,证据裁决,简单,失效模式“单体电压过低”是不是出现在项目/功能“动力电池”里？,是,是的，失效模式“单体电压过低”出现在项目/功能“动力电池”里。,正确,1.0,921.57,语义RAG,1.0,1.0,0,,3,,,,,,,,是/否判断,1,
42,42,Full-ΣMi残差模型,M1+M2+M3+M4,风险影响评估类,risk_mode_code,,M3_查询理解与语义检索增强,口语化/模糊检索,简单,失效模式“单体电压过低”对应的FMEA编号是什么？,LFP002,不知道。,错误,0.0,482.74,语义RAG,0.0,0.0,0,,3,LFP002,,,,,LFP002,,FmeaID,1,
43,43,Full-ΣMi残差模型,M1+M2+M3+M4,风险影响评估类,risk_mode_project,,M3_查询理解与语义检索增强,口语化/模糊检索,简单,在项目/功能“动力电池”里，失效模式“单体电压过低”的后果是什么？,影响用户使用,影响用户使用,正确,1.0,775.5,语义RAG,1.0,1.0,0,,3,,,,,,影响用户使用,,,1,
44,44,Full-ΣMi残差模型,M1+M2+M3+M4,故障原因诊断类,cause_code,,M1_编号直答,CSV直答,简单,FMEA编号“LFP003”这条的潜在失效原因/机理是什么？,电池组单节容量降低或整体过低,BMS SOC算法不合理,错误,0.0,462.69,语义RAG,0.6667,1.0,0,,3,电池组单节容量降低或整体过低,,,,,电池组单节容量降低或整体过低,,,2,
45,45,Full-ΣMi残差模型,M1+M2+M3+M4,风险影响评估类,effect_code,,M1_编号直答,CSV直答,简单,FMEA编号“LFP003”这条的潜在失效后果是什么？,影响用户使用,不知道。,错误,0.0,419.41,语义RAG,0.0,0.0,0,,3,影响用户使用,,,,,影响用户使用,,,2,
46,46,Full-ΣMi残差模型,M1+M2+M3+M4,风险影响评估类,rpn_code,,M1_编号直答,CSV直答,简单,FMEA编号“LFP003”这条的RPN是多少？,RPN=168.0,不知道。,错误,0.0,264.66,语义RAG,0.0,0.0,0,,3,,168.0,,,,,168.0,RPN,2,
47,47,Full-ΣMi残差模型,M1+M2+M3+M4,风险影响评估类,s_code,,M1_编号直答,CSV直答,简单,FMEA编号“LFP003”这条的S是多少？,S=7.0,不知道。,错误,0.0,263.65,语义RAG,0.0,1.0,0,,3,,7.0,,,,,7.0,S,2,
48,48,Full-ΣMi残差模型,M1+M2+M3+M4,风险影响评估类,o_code,,M1_编号直答,CSV直答,简单,FMEA编号“LFP003”这条的O是多少？,O=4.0,不知道。,错误,0.0,264.57,语义RAG,0.0,1.0,0,,3,,4.0,,,,,4.0,O,2,
49,49,Full-ΣMi残差模型,M1+M2+M3+M4,风险影响评估类,d_code,,M1_编号直答,CSV直答,简单,FMEA编号“LFP003”这条的D是多少？,D=6.0,不知道。,错误,0.0,261.39,语义RAG,0.0,0.0,0,,3,,6.0,,,,,6.0,D,2,
50,50,Full-ΣMi残差模型,M1+M2+M3+M4,故障措施推荐类,action_code,,M1_编号直答,CSV直答,简单,FMEA编号“LFP003”这条的建议措施是什么？,更换电压过低电池,不知道。,错误,0.0,269.05,语义RAG,0.0,0.0,0,,3,更换电压过低电池,,,,,更换电压过低电池,,RecommendedAction,2,
51,51,Full-ΣMi残差模型,M1+M2+M3+M4,故障原因诊断类,cause_mode,,M3_查询理解与语义检索增强,口语化/模糊检索,简单,失效模式“巡航里程低于额定值”对应的潜在失效原因/机理是什么？,电池组单节容量降低或整体过低,失效模式“巡航里程低于额定值”的潜在失效原因/机理是：电池组单节容量降低或整体过低。,正确,1.0,992.35,语义RAG,0.6667,1.0,0,,3,,,,,,电池组单节容量降低或整体过低,,,2,
52,52,Full-ΣMi残差模型,M1+M2+M3+M4,风险影响评估类,effect_mode,,M3_查询理解与语义检索增强,口语化/模糊检索,简单,失效模式“巡航里程低于额定值”对应的潜在失效后果是什么？,影响用户使用,影响用户使用,正确,1.0,438.95,语义RAG,0.3333,1.0,0,,3,,,,,,影响用户使用,,,2,
53,53,Full-ΣMi残差模型,M1+M2+M3+M4,风险影响评估类,rpn_mode,,M3_查询理解与语义检索增强,口语化/模糊检索,简单,失效模式“巡航里程低于额定值”的RPN是多少？,RPN=168.0,168,正确,1.0,291.71,语义RAG,0.3333,1.0,0,,3,,,168.0,,,,168.0,RPN,2,
54,54,Full-ΣMi残差模型,M1+M2+M3+M4,故障措施推荐类,action_mode,,M3_查询理解与语义检索增强,口语化/模糊检索,简单,失效模式“巡航里程低于额定值”对应的建议措施是什么？,更换电压过低电池,更换电压过低电池,正确,1.0,341.08,语义RAG,0.3333,1.0,0,,3,,,,,,更换电压过低电池,,RecommendedAction,2,
55,55,Full-ΣMi残差模型,M1+M2+M3+M4,故障原因诊断类,cause_colloquial,,M3_查询理解与语义检索增强,口语化/模糊检索,中等,在项目/功能“动力电池”里，失效模式“巡航里程低于额定值”这个问题，原因讲白一点是什么？,电池组单节容量降低或整体过低,原因是一些单节电池的容量降低了。,错误,0.0,811.52,语义RAG,0.6667,1.0,0,,3,电池组单节容量降低或整体过低,,,,,电池组单节容量降低或整体过低,,,2,
56,56,Full-ΣMi残差模型,M1+M2+M3+M4,风险影响评估类,effect_colloquial,,M3_查询理解与语义检索增强,口语化/模糊检索,中等,在项目/功能“动力电池”里，失效模式“巡航里程低于额定值”最后会带来什么后果？,影响用户使用,影响用户使用,正确,1.0,787.51,语义RAG,1.0,1.0,0,,3,,,,,,影响用户使用,,,2,
57,57,Full-ΣMi残差模型,M1+M2+M3+M4,故障措施推荐类,action_colloquial,,M3_查询理解与语义检索增强,口语化/模糊检索,中等,在项目/功能“动力电池”里，失效模式“巡航里程低于额定值”一般怎么处理？,更换电压过低电池,更换电压过低电池。,正确,1.0,835.73,语义RAG,1.0,1.0,0,,3,,,,,,更换电压过低电池,,,2,
58,58,Full-ΣMi残差模型,M1+M2+M3+M4,风险影响评估类,risk_colloquial,,M3_查询理解与语义检索增强,口语化/模糊检索,中等,在项目/功能“动力电池”里，失效模式“巡航里程低于额定值”的风险最后会体现成什么？,影响用户使用,后果=影响用户使用,正确,1.0,309.4,语义RAG,1.0,1.0,0,,3,,,,,,影响用户使用,,,2,
59,59,Full-ΣMi残差模型,M1+M2+M3+M4,故障原因诊断类,cause_bool,,M4_证据裁决,证据裁决,简单,FMEA编号“LFP003”对应的原因是否就是“电池组单节容量降低或整体过低”？,是,是的，FMEA编号“LFP003”对应的原因就是“电池组单节容量降低或整体过低”。,正确,1.0,662.51,语义RAG,0.6667,0.6667,0,,3,,,,,,,,是/否判断,2,
60,60,Full-ΣMi残差模型,M1+M2+M3+M4,风险影响评估类,risk_bool,,M4_证据裁决,证据裁决,简单,FMEA编号“LFP003”对应的后果是否就是“影响用户使用”？,是,不是。FMEA编号“LFP003”对应的后果是“电池组无法工作”。,错误,0.0,595.48,语义RAG,0.0,0.0,0,,3,是/否判断,,,,,,,是/否判断,2,
61,61,Full-ΣMi残差模型,M1+M2+M3+M4,风险影响评估类,mode_project_bool,,M4_证据裁决,证据裁决,简单,失效模式“巡航里程低于额定值”是不是出现在项目/功能“动力电池”里？,是,是的，失效模式“巡航里程低于额定值”出现在项目/功能“动力电池”里。,正确,1.0,886.62,语义RAG,1.0,1.0,0,,3,,,,,,,,是/否判断,2,
62,62,Full-ΣMi残差模型,M1+M2+M3+M4,风险影响评估类,risk_mode_code,,M3_查询理解与语义检索增强,口语化/模糊检索,简单,失效模式“巡航里程低于额定值”对应的FMEA编号是什么？,LFP003,LFP003,正确,1.0,490.22,语义RAG,0.3333,1.0,0,,3,,,3.0,,,LFP003,,FmeaID,2,
63,63,Full-ΣMi残差模型,M1+M2+M3+M4,风险影响评估类,risk_mode_project,,M3_查询理解与语义检索增强,口语化/模糊检索,简单,在项目/功能“动力电池”里，失效模式“巡航里程低于额定值”的后果是什么？,影响用户使用,影响用户使用,正确,1.0,767.49,语义RAG,1.0,1.0,0,,3,,,,,,影响用户使用,,,2,
64,64,Full-ΣMi残差模型,M1+M2+M3+M4,风险影响评估类,project_avg_rpn,,M2_规则推理,规则推理,中等,项目/功能“电池组箱体”的平均RPN是多少？,平均RPN=106.00,108,错误,0.0,727.7,语义RAG,0.3333,0.0,0,,3,,106.0,,,,,106.0,RPN,3,
65,65,Full-ΣMi残差模型,M1+M2+M3+M4,风险影响评估类,project_top_mode,,M2_规则推理,规则推理,中等,项目/功能“电池组箱体”里RPN最高的失效模式是什么？,电池箱体进水；RPN=126.0,电池组过放未报警和未保护,错误,0.0,820.71,语义RAG,0.3333,1.0,0,,3,电池箱体进水,126.0,,,,电池箱体进水,126.0,FailureMode；RPN,3,
66,66,Full-ΣMi残差模型,M1+M2+M3+M4,风险影响评估类,project_top_effect,,M2_规则推理,规则推理,中等,项目/功能“电池组箱体”里RPN最高的那条，它的后果是什么？,电池短路、电子器件失效或损坏、箱体生锈,影响电池组散热、电子器件失效或损坏、安全事故。,错误,0.0,402.94,语义RAG,0.3333,1.0,0,1.0,3,电池短路、电子器件失效或损坏、箱体生锈,,,,,电池短路、电子器件失效或损坏、箱体生锈,,FailureEffect,3,
67,67,Full-ΣMi残差模型,M1+M2+M3+M4,故障原因诊断类,cause_code,,M1_编号直答,CSV直答,简单,FMEA编号“LFP004”这条的潜在失效原因/机理是什么？,电池箱体密封不严,电池箱体密封不严,正确,1.0,443.32,语义RAG,0.3333,1.0,0,,3,,,,,,电池箱体密封不严,,,3,
68,68,Full-ΣMi残差模型,M1+M2+M3+M4,风险影响评估类,effect_code,,M1_编号直答,CSV直答,简单,FMEA编号“LFP004”这条的潜在失效后果是什么？,电池短路、电子器件失效或损坏、箱体生锈,不知道。,错误,0.0,447.88,语义RAG,0.0,0.0,0,,3,电池短路、电子器件失效或损坏、箱体生锈,,,,,电池短路、电子器件失效或损坏、箱体生锈,,,3,
69,69,Full-ΣMi残差模型,M1+M2+M3+M4,风险影响评估类,rpn_code,,M1_编号直答,CSV直答,简单,FMEA编号“LFP004”这条的RPN是多少？,RPN=126.0,不知道。,错误,0.0,281.65,语义RAG,0.0,0.0,0,,3,,126.0,,,,,126.0,RPN,3,
70,70,Full-ΣMi残差模型,M1+M2+M3+M4,风险影响评估类,s_code,,M1_编号直答,CSV直答,简单,FMEA编号“LFP004”这条的S是多少？,S=7.0,不知道。,错误,0.0,291.82,语义RAG,0.0,1.0,0,,3,,7.0,,,,,7.0,S,3,
71,71,Full-ΣMi残差模型,M1+M2+M3+M4,风险影响评估类,o_code,,M1_编号直答,CSV直答,简单,FMEA编号“LFP004”这条的O是多少？,O=3.0,不知道。,错误,0.0,264.8,语义RAG,0.0,1.0,0,,3,,3.0,,,,,3.0,O,3,
72,72,Full-ΣMi残差模型,M1+M2+M3+M4,风险影响评估类,d_code,,M1_编号直答,CSV直答,简单,FMEA编号“LFP004”这条的D是多少？,D=6.0,不知道。,错误,0.0,273.86,语义RAG,0.0,0.0,0,,3,,6.0,,,,,6.0,D,3,
73,73,Full-ΣMi残差模型,M1+M2+M3+M4,故障措施推荐类,action_code,,M1_编号直答,CSV直答,简单,FMEA编号“LFP004”这条的建议措施是什么？,现场做防水处理,不知道。,错误,0.0,260.45,语义RAG,0.0,0.0,0,,3,现场做防水处理,,,,,现场做防水处理,,RecommendedAction,3,
74,74,Full-ΣMi残差模型,M1+M2+M3+M4,故障原因诊断类,cause_mode,,M3_查询理解与语义检索增强,口语化/模糊检索,简单,失效模式“电池箱体进水”对应的潜在失效原因/机理是什么？,电池箱体密封不严,电池箱体密封不严,正确,1.0,795.61,语义RAG,1.0,1.0,0,,3,,,,,,电池箱体密封不严,,,3,
75,75,Full-ΣMi残差模型,M1+M2+M3+M4,风险影响评估类,effect_mode,,M3_查询理解与语义检索增强,口语化/模糊检索,简单,失效模式“电池箱体进水”对应的潜在失效后果是什么？,电池短路、电子器件失效或损坏、箱体生锈,电池短路、电子器件失效或损坏、箱体生锈,正确,1.0,462.97,语义RAG,0.3333,1.0,0,,3,,,,,,电池短路、电子器件失效或损坏、箱体生锈,,,3,
76,76,Full-ΣMi残差模型,M1+M2+M3+M4,风险影响评估类,rpn_mode,,M3_查询理解与语义检索增强,口语化/模糊检索,简单,失效模式“电池箱体进水”的RPN是多少？,RPN=126.0,126,正确,1.0,422.19,语义RAG,0.3333,1.0,0,,3,,,126.0,,,,126.0,RPN,3,
77,77,Full-ΣMi残差模型,M1+M2+M3+M4,故障措施推荐类,action_mode,,M3_查询理解与语义检索增强,口语化/模糊检索,简单,失效模式“电池箱体进水”对应的建议措施是什么？,现场做防水处理,现场做防水处理,正确,1.0,471.16,语义RAG,0.3333,1.0,0,,3,,,,,,现场做防水处理,,RecommendedAction,3,
78,78,Full-ΣMi残差模型,M1+M2+M3+M4,故障原因诊断类,cause_colloquial,,M3_查询理解与语义检索增强,口语化/模糊检索,中等,在项目/功能“电池组箱体”里，失效模式“电池箱体进水”这个问题，原因讲白一点是什么？,电池箱体密封不严,电池箱体密封不严,正确,1.0,823.74,语义RAG,1.0,1.0,0,,3,,,,,,电池箱体密封不严,,,3,
79,79,Full-ΣMi残差模型,M1+M2+M3+M4,风险影响评估类,effect_colloquial,,M3_查询理解与语义检索增强,口语化/模糊检索,中等,在项目/功能“电池组箱体”里，失效模式“电池箱体进水”最后会带来什么后果？,电池短路、电子器件失效或损坏、箱体生锈,电池短路、电子器件失效或损坏、箱体生锈,正确,1.0,862.9,语义RAG,0.6667,1.0,0,,3,,,,,,电池短路、电子器件失效或损坏、箱体生锈,,,3,
80,80,Full-ΣMi残差模型,M1+M2+M3+M4,故障措施推荐类,action_colloquial,,M3_查询理解与语义检索增强,口语化/模糊检索,中等,在项目/功能“电池组箱体”里，失效模式“电池箱体进水”一般怎么处理？,现场做防水处理,现场做防水处理。,正确,1.0,731.03,语义RAG,1.0,1.0,0,,3,,,,,,现场做防水处理,,,3,
81,81,Full-ΣMi残差模型,M1+M2+M3+M4,风险影响评估类,risk_colloquial,,M3_查询理解与语义检索增强,口语化/模糊检索,中等,在项目/功能“电池组箱体”里，失效模式“电池箱体进水”的风险最后会体现成什么？,电池短路、电子器件失效或损坏、箱体生锈,电池短路、电子器件失效或损坏、箱体生锈,正确,1.0,757.27,语义RAG,0.6667,1.0,0,,3,,,,,,电池短路、电子器件失效或损坏、箱体生锈,,,3,
82,82,Full-ΣMi残差模型,M1+M2+M3+M4,故障原因诊断类,cause_bool,,M4_证据裁决,证据裁决,简单,FMEA编号“LFP004”对应的原因是否就是“电池箱体密封不严”？,是,是的，FMEA编号“LFP004”对应的原因就是“电池箱体密封不严”。,正确,1.0,959.83,语义RAG,0.3333,0.3333,0,,3,,,,,,,,是/否判断,3,
83,83,Full-ΣMi残差模型,M1+M2+M3+M4,风险影响评估类,risk_bool,,M4_证据裁决,证据裁决,简单,FMEA编号“LFP004”对应的后果是否就是“电池短路、电子器件失效或损坏、箱体生锈”？,是,是的，FMEA编号“LFP004”对应的后果就是“电池短路、电子器件失效或损坏、箱体生锈”。,正确,1.0,685.66,语义RAG,0.6667,0.6667,0,,3,,,,,,,,是/否判断,3,
84,84,Full-ΣMi残差模型,M1+M2+M3+M4,风险影响评估类,mode_project_bool,,M4_证据裁决,证据裁决,简单,失效模式“电池箱体进水”是不是出现在项目/功能“电池组箱体”里？,是,是的，失效模式“电池箱体进水”出现在项目/功能“电池组箱体”里。,正确,1.0,910.65,语义RAG,0.6667,0.6667,0,,3,,,,,,,,是/否判断,3,
85,85,Full-ΣMi残差模型,M1+M2+M3+M4,风险影响评估类,risk_mode_code,,M3_查询理解与语义检索增强,口语化/模糊检索,简单,失效模式“电池箱体进水”对应的FMEA编号是什么？,LFP004,LFP004,正确,1.0,440.12,语义RAG,0.3333,1.0,0,,3,,,4.0,,,LFP004,,FmeaID,3,
86,86,Full-ΣMi残差模型,M1+M2+M3+M4,风险影响评估类,risk_mode_project,,M3_查询理解与语义检索增强,口语化/模糊检索,简单,在项目/功能“电池组箱体”里，失效模式“电池箱体进水”的后果是什么？,电池短路、电子器件失效或损坏、箱体生锈,电池短路、电子器件失效或损坏、箱体生锈,正确,1.0,837.91,语义RAG,1.0,1.0,0,,3,,,,,,电池短路、电子器件失效或损坏、箱体生锈,,,3,
87,87,Full-ΣMi残差模型,M1+M2+M3+M4,故障原因诊断类,cause_code,,M1_编号直答,CSV直答,简单,FMEA编号“LFP005”这条的潜在失效原因/机理是什么？,电池箱体密封不严,绝缘注塑件不阻燃,错误,0.0,784.46,语义RAG,0.3333,1.0,0,,3,电池箱体密封不严,,,,,电池箱体密封不严,,,4,
88,88,Full-ΣMi残差模型,M1+M2+M3+M4,风险影响评估类,effect_code,,M1_编号直答,CSV直答,简单,FMEA编号“LFP005”这条的潜在失效后果是什么？,电子器件失效或损坏、影响电池组散热,不知道。,错误,0.0,463.38,语义RAG,0.0,0.0,0,,3,电子器件失效或损坏、影响电池组散热,,,,,电子器件失效或损坏、影响电池组散热,,,4,
89,89,Full-ΣMi残差模型,M1+M2+M3+M4,风险影响评估类,rpn_code,,M1_编号直答,CSV直答,简单,FMEA编号“LFP005”这条的RPN是多少？,RPN=84.0,不知道。,错误,0.0,289.58,语义RAG,0.0,1.0,0,,3,,84.0,,,,,84.0,RPN,4,
90,90,Full-ΣMi残差模型,M1+M2+M3+M4,风险影响评估类,s_code,,M1_编号直答,CSV直答,简单,FMEA编号“LFP005”这条的S是多少？,S=7.0,不知道。,错误,0.0,248.04,语义RAG,0.0,1.0,0,,3,,7.0,,,,,7.0,S,4,
91,91,Full-ΣMi残差模型,M1+M2+M3+M4,风险影响评估类,o_code,,M1_编号直答,CSV直答,简单,FMEA编号“LFP005”这条的O是多少？,O=2.0,不知道。,错误,0.0,294.09,语义RAG,0.0,1.0,0,,3,,2.0,,,,,2.0,O,4,
92,92,Full-ΣMi残差模型,M1+M2+M3+M4,风险影响评估类,d_code,,M1_编号直答,CSV直答,简单,FMEA编号“LFP005”这条的D是多少？,D=6.0,不知道。,错误,0.0,258.61,语义RAG,0.0,0.0,0,,3,,6.0,,,,,6.0,D,4,
93,93,Full-ΣMi残差模型,M1+M2+M3+M4,故障措施推荐类,action_code,,M1_编号直答,CSV直答,简单,FMEA编号“LFP005”这条的建议措施是什么？,现场做防尘处理,不知道。,错误,0.0,283.1,语义RAG,0.0,0.0,0,,3,现场做防尘处理,,,,,现场做防尘处理,,RecommendedAction,4,
94,94,Full-ΣMi残差模型,M1+M2+M3+M4,故障原因诊断类,cause_mode,,M3_查询理解与语义检索增强,口语化/模糊检索,简单,失效模式“电池箱体进灰尘”对应的潜在失效原因/机理是什么？,电池箱体密封不严,原因=电池箱体密封不严,正确,1.0,804.14,语义RAG,0.3333,1.0,0,,3,,,,,,电池箱体密封不严,,,4,
95,95,Full-ΣMi残差模型,M1+M2+M3+M4,风险影响评估类,effect_mode,,M3_查询理解与语义检索增强,口语化/模糊检索,简单,失效模式“电池箱体进灰尘”对应的潜在失效后果是什么？,电子器件失效或损坏、影响电池组散热,你提到的失效模式“电池箱体进灰尘”在提供的上下文中并没有出现，因此根据现有信息无法得知其对应的潜在失效后果。,错误,0.0,651.84,语义RAG,0.0,0.0,0,,3,电子器件失效或损坏、影响电池组散热,,,,,电子器件失效或损坏、影响电池组散热,,,4,
96,96,Full-ΣMi残差模型,M1+M2+M3+M4,风险影响评估类,rpn_mode,,M3_查询理解与语义检索增强,口语化/模糊检索,简单,失效模式“电池箱体进灰尘”的RPN是多少？,RPN=84.0,不知道。,错误,0.0,285.39,语义RAG,0.0,1.0,0,,3,,84.0,,,,,84.0,RPN,4,
97,97,Full-ΣMi残差模型,M1+M2+M3+M4,故障措施推荐类,action_mode,,M3_查询理解与语义检索增强,口语化/模糊检索,简单,失效模式“电池箱体进灰尘”对应的建议措施是什么？,现场做防尘处理,你询问的失效模式“电池箱体进灰尘”在提供的上下文中并没有出现，因此根据现有信息无法给出对应的建议措施。,错误,0.0,499.37,语义RAG,0.0,0.0,0,,3,现场做防尘处理,,,,,现场做防尘处理,,RecommendedAction,4,
98,98,Full-ΣMi残差模型,M1+M2+M3+M4,故障原因诊断类,cause_colloquial,,M3_查询理解与语义检索增强,口语化/模糊检索,中等,在项目/功能“电池组箱体”里，失效模式“电池箱体进灰尘”这个问题，原因讲白一点是什么？,电池箱体密封不严,电池箱体密封不严。,正确,1.0,822.21,语义RAG,0.3333,1.0,0,,3,,,,,,电池箱体密封不严,,,4,
99,99,Full-ΣMi残差模型,M1+M2+M3+M4,风险影响评估类,effect_colloquial,,M3_查询理解与语义检索增强,口语化/模糊检索,中等,在项目/功能“电池组箱体”里，失效模式“电池箱体进灰尘”最后会带来什么后果？,电子器件失效或损坏、影响电池组散热,电子器件失效或损坏、影响电池组散热。,正确,1.0,527.46,语义RAG,0.3333,1.0,0,,3,,,,,,电子器件失效或损坏、影响电池组散热,,,4,
100,100,Full-ΣMi残差模型,M1+M2+M3+M4,故障措施推荐类,action_colloquial,,M3_查询理解与语义检索增强,口语化/模糊检索,中等,在项目/功能“电池组箱体”里，失效模式“电池箱体进灰尘”一般怎么处理？,现场做防尘处理,建议措施: 现场做防尘处理.,正确,1.0,545.29,语义RAG,0.3333,1.0,0,,3,,,,,,现场做防尘处理,,,4,
101,101,Full-ΣMi残差模型,M1+M2+M3+M4,风险影响评估类,risk_colloquial,,M3_查询理解与语义检索增强,口语化/模糊检索,中等,在项目/功能“电池组箱体”里，失效模式“电池箱体进灰尘”的风险最后会体现成什么？,电子器件失效或损坏、影响电池组散热,后果 / FailureEffect: 电子器件失效或损坏、影响电池组散热。,正确,1.0,597.51,语义RAG,0.3333,1.0,0,,3,,,,,,电子器件失效或损坏、影响电池组散热,,,4,
102,102,Full-ΣMi残差模型,M1+M2+M3+M4,故障原因诊断类,cause_bool,,M4_证据裁决,证据裁决,简单,FMEA编号“LFP005”对应的原因是否就是“电池箱体密封不严”？,是,是的，失效原因 / FailureCause 为 “电池箱体密封不严”。,正确,1.0,585.93,语义RAG,0.3333,0.3333,0,,3,,,,,,,,是/否判断,4,
103,103,Full-ΣMi残差模型,M1+M2+M3+M4,风险影响评估类,risk_bool,,M4_证据裁决,证据裁决,简单,FMEA编号“LFP005”对应的后果是否就是“电子器件失效或损坏、影响电池组散热”？,是,是的，FMEA编号“LFP005”对应的后果就是“电子器件失效或损坏、影响电池组散热”。,正确,1.0,649.22,语义RAG,0.6667,0.6667,0,,3,,,,,,,,是/否判断,4,
104,104,Full-ΣMi残差模型,M1+M2+M3+M4,风险影响评估类,mode_project_bool,,M4_证据裁决,证据裁决,简单,失效模式“电池箱体进灰尘”是不是出现在项目/功能“电池组箱体”里？,是,是的，失效模式“电池箱体进灰尘”出现在项目/功能“电池组箱体”里。,正确,1.0,624.81,语义RAG,0.3333,0.3333,0,,3,,,,,,,,是/否判断,4,
105,105,Full-ΣMi残差模型,M1+M2+M3+M4,风险影响评估类,risk_mode_code,,M3_查询理解与语义检索增强,口语化/模糊检索,简单,失效模式“电池箱体进灰尘”对应的FMEA编号是什么？,LFP005,不知道。,错误,0.0,415.6,语义RAG,0.0,0.0,0,,3,LFP005,,,,,LFP005,,FmeaID,4,
106,106,Full-ΣMi残差模型,M1+M2+M3+M4,风险影响评估类,risk_mode_project,,M3_查询理解与语义检索增强,口语化/模糊检索,简单,在项目/功能“电池组箱体”里，失效模式“电池箱体进灰尘”的后果是什么？,电子器件失效或损坏、影响电池组散热,电子器件失效或损坏、影响电池组散热。,正确,1.0,858.19,语义RAG,0.3333,1.0,0,,3,,,,,,电子器件失效或损坏、影响电池组散热,,,4,
107,107,Full-ΣMi残差模型,M1+M2+M3+M4,故障原因诊断类,cause_code,,M1_编号直答,CSV直答,简单,FMEA编号“LFP006”这条的潜在失效原因/机理是什么？,电池组间隙大电池受到挤压碰撞震动,潜在失效原因/机理: 电池组间隙大电池受到挤压碰撞震动。,正确,1.0,564.88,语义RAG,0.3333,1.0,0,,3,,,,,,电池组间隙大电池受到挤压碰撞震动,,,5,
108,108,Full-ΣMi残差模型,M1+M2+M3+M4,风险影响评估类,effect_code,,M1_编号直答,CSV直答,简单,FMEA编号“LFP006”这条的潜在失效后果是什么？,安全事故,不知道。,错误,0.0,419.87,语义RAG,0.0,1.0,0,,3,安全事故,,,,,安全事故,,,5,
109,109,Full-ΣMi残差模型,M1+M2+M3+M4,风险影响评估类,rpn_code,,M1_编号直答,CSV直答,简单,FMEA编号“LFP006”这条的RPN是多少？,RPN=108.0,不知道。,错误,0.0,274.13,语义RAG,0.0,0.0,0,,3,,108.0,,,,,108.0,RPN,5,
110,110,Full-ΣMi残差模型,M1+M2+M3+M4,风险影响评估类,s_code,,M1_编号直答,CSV直答,简单,FMEA编号“LFP006”这条的S是多少？,S=9.0,不知道。,错误,0.0,291.73,语义RAG,0.0,1.0,0,,3,,9.0,,,,,9.0,S,5,
111,111,Full-ΣMi残差模型,M1+M2+M3+M4,风险影响评估类,o_code,,M1_编号直答,CSV直答,简单,FMEA编号“LFP006”这条的O是多少？,O=2.0,不知道。,错误,0.0,295.42,语义RAG,0.0,1.0,0,,3,,2.0,,,,,2.0,O,5,
112,112,Full-ΣMi残差模型,M1+M2+M3+M4,风险影响评估类,d_code,,M1_编号直答,CSV直答,简单,FMEA编号“LFP006”这条的D是多少？,D=6.0,不知道。,错误,0.0,292.09,语义RAG,0.0,0.0,0,,3,,6.0,,,,,6.0,D,5,
113,113,Full-ΣMi残差模型,M1+M2+M3+M4,故障措施推荐类,action_code,,M1_编号直答,CSV直答,简单,FMEA编号“LFP006”这条的建议措施是什么？,现场做防震处理,不知道。,错误,0.0,296.29,语义RAG,0.0,0.0,0,,3,现场做防震处理,,,,,现场做防震处理,,RecommendedAction,5,
114,114,Full-ΣMi残差模型,M1+M2+M3+M4,故障原因诊断类,cause_mode,,M3_查询理解与语义检索增强,口语化/模糊检索,简单,失效模式“电池组漏液”对应的潜在失效原因/机理是什么？,电池组间隙大电池受到挤压碰撞震动,失效模式“电池组漏液”的潜在失效原因/机理是：外力损伤；碰撞、安装不规范造成密封结构破坏；制造原因：焊接缺陷、封合胶量不足造成密封性能不好。,错误,0.0,1141.01,语义RAG,0.3333,1.0,0,,3,电池组间隙大电池受到挤压碰撞震动,,,,,电池组间隙大电池受到挤压碰撞震动,,,5,
115,115,Full-ΣMi残差模型,M1+M2+M3+M4,风险影响评估类,effect_mode,,M3_查询理解与语义检索增强,口语化/模糊检索,简单,失效模式“电池组漏液”对应的潜在失效后果是什么？,安全事故,你提到的失效模式“电池组漏液”在提供的上下文中并没有出现，因此根据现有信息无法得知其对应的潜在失效后果。,错误,0.0,648.57,语义RAG,0.0,1.0,0,,3,安全事故,,,,,安全事故,,,5,
116,116,Full-ΣMi残差模型,M1+M2+M3+M4,风险影响评估类,rpn_mode,,M3_查询理解与语义检索增强,口语化/模糊检索,简单,失效模式“电池组漏液”的RPN是多少？,RPN=108.0,不知道。,错误,0.0,300.15,语义RAG,0.0,0.0,0,,3,,108.0,,,,,108.0,RPN,5,
117,117,Full-ΣMi残差模型,M1+M2+M3+M4,故障措施推荐类,action_mode,,M3_查询理解与语义检索增强,口语化/模糊检索,简单,失效模式“电池组漏液”对应的建议措施是什么？,现场做防震处理,你询问的失效模式“电池组漏液”在提供的上下文中并没有出现，因此我无法找到对应的建议措施。根据你的要求，我会明确回答不知道。 实际上，根据给出的内容，“电池组漏液”的失效模式并未被提及，所以没有相应的建议措施可以提供。,错误,0.0,762.1,语义RAG,0.0,0.0,0,,3,现场做防震处理,,,,,现场做防震处理,,RecommendedAction,5,
118,118,Full-ΣMi残差模型,M1+M2+M3+M4,故障原因诊断类,cause_colloquial,,M3_查询理解与语义检索增强,口语化/模糊检索,中等,在项目/功能“电池组箱体”里，失效模式“电池组漏液”这个问题，原因讲白一点是什么？,电池组间隙大电池受到挤压碰撞震动,外力损伤；碰撞、安装不规范造成密封结构破坏；制造原因：焊接缺陷、封合胶量不足造成密封性能不好。,错误,0.0,993.96,语义RAG,0.3333,1.0,0,,3,电池组间隙大电池受到挤压碰撞震动,,,,,电池组间隙大电池受到挤压碰撞震动,,,5,
119,119,Full-ΣMi残差模型,M1+M2+M3+M4,风险影响评估类,effect_colloquial,,M3_查询理解与语义检索增强,口语化/模糊检索,中等,在项目/功能“电池组箱体”里，失效模式“电池组漏液”最后会带来什么后果？,安全事故,安全事故,正确,1.0,734.4,语义RAG,0.3333,1.0,0,,3,,,,,,安全事故,,,5,
120,120,Full-ΣMi残差模型,M1+M2+M3+M4,故障措施推荐类,action_colloquial,,M3_查询理解与语义检索增强,口语化/模糊检索,中等,在项目/功能“电池组箱体”里，失效模式“电池组漏液”一般怎么处理？,现场做防震处理,建议措施=更换电池.,错误,0.0,815.24,语义RAG,0.3333,1.0,0,,3,现场做防震处理,,,,,现场做防震处理,,,5,
121,121,Full-ΣMi残差模型,M1+M2+M3+M4,风险影响评估类,risk_colloquial,,M3_查询理解与语义检索增强,口语化/模糊检索,中等,在项目/功能“电池组箱体”里，失效模式“电池组漏液”的风险最后会体现成什么？,安全事故,后果 / FailureEffect: 安全事故,正确,1.0,488.51,语义RAG,0.3333,1.0,0,,3,,,,,,安全事故,,,5,
122,122,Full-ΣMi残差模型,M1+M2+M3+M4,故障原因诊断类,cause_bool,,M4_证据裁决,证据裁决,简单,FMEA编号“LFP006”对应的原因是否就是“电池组间隙大电池受到挤压碰撞震动”？,是,是的。,正确,1.0,484.38,语义RAG,0.3333,0.3333,0,,3,,,,,,,,是/否判断,5,
123,123,Full-ΣMi残差模型,M1+M2+M3+M4,风险影响评估类,risk_bool,,M4_证据裁决,证据裁决,简单,FMEA编号“LFP006”对应的后果是否就是“安全事故”？,是,是的，FMEA编号“LFP006”对应的后果是“安全事故”。,正确,1.0,890.07,语义RAG,1.0,1.0,0,,3,,,,,,,,是/否判断,5,
124,124,Full-ΣMi残差模型,M1+M2+M3+M4,风险影响评估类,mode_project_bool,,M4_证据裁决,证据裁决,简单,失效模式“电池组漏液”是不是出现在项目/功能“电池组箱体”里？,是,是的，失效模式“电池组漏液”出现在项目/功能“电池组箱体”里。,正确,1.0,940.96,语义RAG,0.3333,0.3333,0,,3,,,,,,,,是/否判断,5,
125,125,Full-ΣMi残差模型,M1+M2+M3+M4,风险影响评估类,risk_mode_code,,M3_查询理解与语义检索增强,口语化/模糊检索,简单,失效模式“电池组漏液”对应的FMEA编号是什么？,LFP006,不知道。,错误,0.0,458.45,语义RAG,0.0,0.0,0,,3,LFP006,,,,,LFP006,,FmeaID,5,
126,126,Full-ΣMi残差模型,M1+M2+M3+M4,风险影响评估类,risk_mode_project,,M3_查询理解与语义检索增强,口语化/模糊检索,简单,在项目/功能“电池组箱体”里，失效模式“电池组漏液”的后果是什么？,安全事故,安全事故,正确,1.0,751.09,语义RAG,0.3333,1.0,0,,3,,,,,,安全事故,,,5,
127,127,Full-ΣMi残差模型,M1+M2+M3+M4,风险影响评估类,project_avg_rpn,,M2_规则推理,规则推理,中等,项目/功能“绝缘注塑件”的平均RPN是多少？,平均RPN=20.00,20,正确,1.0,724.62,语义RAG,0.3333,1.0,0,,3,,,20.0,,,,20.0,RPN,6,
128,128,Full-ΣMi残差模型,M1+M2+M3+M4,风险影响评估类,project_top_mode,,M2_规则推理,规则推理,中等,项目/功能“绝缘注塑件”里RPN最高的失效模式是什么？,注塑件起火；RPN=20.0,你询问的项目/功能“绝缘注塑件”的RPN最高失效模式，但上下文并未提到与“绝缘注塑件”相关的任何信息。因此，我无法给出具体答案。 根据提供的上下文，最高RPN为180，对应的失效模式是“输出不受控制”，发生在高压箱中（FMEA编号：LFP012）。,错误,0.0,1399.37,语义RAG,0.0,0.5,0,,3,注塑件起火,20.0,,,,注塑件起火,20.0,FailureMode；RPN,6,
129,129,Full-ΣMi残差模型,M1+M2+M3+M4,风险影响评估类,project_top_effect,,M2_规则推理,规则推理,中等,项目/功能“绝缘注塑件”里RPN最高的那条，它的后果是什么？,安全事故,你询问的项目/功能“绝缘注塑件”的信息在给定上下文中并未出现，因此我不知道该项目/功能中RPN最高的那条及其后果。,错误,0.0,577.99,语义RAG,0.0,1.0,0,1.0,3,安全事故,,,,,安全事故,,FailureEffect,6,
130,130,Full-ΣMi残差模型,M1+M2+M3+M4,故障原因诊断类,cause_code,,M1_编号直答,CSV直答,简单,FMEA编号“LFP007”这条的潜在失效原因/机理是什么？,绝缘注塑件不阻燃,绝缘注塑件不阻燃,正确,1.0,439.19,语义RAG,0.3333,1.0,0,,3,,,,,,绝缘注塑件不阻燃,,,6,
131,131,Full-ΣMi残差模型,M1+M2+M3+M4,风险影响评估类,effect_code,,M1_编号直答,CSV直答,简单,FMEA编号“LFP007”这条的潜在失效后果是什么？,安全事故,不知道。,错误,0.0,416.29,语义RAG,0.0,1.0,0,,3,安全事故,,,,,安全事故,,,6,
132,132,Full-ΣMi残差模型,M1+M2+M3+M4,风险影响评估类,rpn_code,,M1_编号直答,CSV直答,简单,FMEA编号“LFP007”这条的RPN是多少？,RPN=20.0,不知道。,错误,0.0,291.27,语义RAG,0.0,1.0,0,,3,,20.0,,,,,20.0,RPN,6,
133,133,Full-ΣMi残差模型,M1+M2+M3+M4,风险影响评估类,s_code,,M1_编号直答,CSV直答,简单,FMEA编号“LFP007”这条的S是多少？,S=10.0,不知道。,错误,0.0,296.68,语义RAG,0.0,0.0,0,,3,,10.0,,,,,10.0,S,6,
134,134,Full-ΣMi残差模型,M1+M2+M3+M4,风险影响评估类,o_code,,M1_编号直答,CSV直答,简单,FMEA编号“LFP007”这条的O是多少？,O=1.0,不知道。,错误,0.0,296.54,语义RAG,0.0,1.0,0,,3,,1.0,,,,,1.0,O,6,
135,135,Full-ΣMi残差模型,M1+M2+M3+M4,风险影响评估类,d_code,,M1_编号直答,CSV直答,简单,FMEA编号“LFP007”这条的D是多少？,D=6.0,不知道。,错误,0.0,244.87,语义RAG,0.0,0.0,0,,3,,6.0,,,,,6.0,D,6,
136,136,Full-ΣMi残差模型,M1+M2+M3+M4,故障措施推荐类,action_code,,M1_编号直答,CSV直答,简单,FMEA编号“LFP007”这条的建议措施是什么？,更换绝缘注塑件,不知道。,错误,0.0,300.29,语义RAG,0.0,0.0,0,,3,更换绝缘注塑件,,,,,更换绝缘注塑件,,RecommendedAction,6,
137,137,Full-ΣMi残差模型,M1+M2+M3+M4,故障原因诊断类,cause_mode,,M3_查询理解与语义检索增强,口语化/模糊检索,简单,失效模式“注塑件起火”对应的潜在失效原因/机理是什么？,绝缘注塑件不阻燃,绝缘注塑件不阻燃,正确,1.0,801.19,语义RAG,0.6667,1.0,0,,3,,,,,,绝缘注塑件不阻燃,,,6,
138,138,Full-ΣMi残差模型,M1+M2+M3+M4,风险影响评估类,effect_mode,,M3_查询理解与语义检索增强,口语化/模糊检索,简单,失效模式“注塑件起火”对应的潜在失效后果是什么？,安全事故,安全事故,正确,1.0,406.46,语义RAG,0.6667,1.0,0,,3,,,,,,安全事故,,,6,
139,139,Full-ΣMi残差模型,M1+M2+M3+M4,风险影响评估类,rpn_mode,,M3_查询理解与语义检索增强,口语化/模糊检索,简单,失效模式“注塑件起火”的RPN是多少？,RPN=20.0,20,正确,1.0,357.25,语义RAG,0.6667,1.0,0,,3,,,20.0,,,,20.0,RPN,6,
140,140,Full-ΣMi残差模型,M1+M2+M3+M4,故障措施推荐类,action_mode,,M3_查询理解与语义检索增强,口语化/模糊检索,简单,失效模式“注塑件起火”对应的建议措施是什么？,更换绝缘注塑件,建议措施 / RecommendedAction / action / 怎么处理 / 咋处理: 更换绝缘注塑件,正确,1.0,523.79,语义RAG,0.6667,1.0,0,,3,,,,,,更换绝缘注塑件,,RecommendedAction,6,
141,141,Full-ΣMi残差模型,M1+M2+M3+M4,故障原因诊断类,cause_colloquial,,M3_查询理解与语义检索增强,口语化/模糊检索,中等,在项目/功能“绝缘注塑件”里，失效模式“注塑件起火”这个问题，原因讲白一点是什么？,绝缘注塑件不阻燃,绝缘注塑件不阻燃,正确,1.0,743.25,语义RAG,0.6667,1.0,0,,3,,,,,,绝缘注塑件不阻燃,,,6,
142,142,Full-ΣMi残差模型,M1+M2+M3+M4,风险影响评估类,effect_colloquial,,M3_查询理解与语义检索增强,口语化/模糊检索,中等,在项目/功能“绝缘注塑件”里，失效模式“注塑件起火”最后会带来什么后果？,安全事故,安全事故,正确,1.0,724.71,语义RAG,0.6667,1.0,0,,3,,,,,,安全事故,,,6,
143,143,Full-ΣMi残差模型,M1+M2+M3+M4,故障措施推荐类,action_colloquial,,M3_查询理解与语义检索增强,口语化/模糊检索,中等,在项目/功能“绝缘注塑件”里，失效模式“注塑件起火”一般怎么处理？,更换绝缘注塑件,更换绝缘注塑件.,正确,1.0,789.11,语义RAG,0.6667,1.0,0,,3,,,,,,更换绝缘注塑件,,,6,
144,144,Full-ΣMi残差模型,M1+M2+M3+M4,风险影响评估类,risk_colloquial,,M3_查询理解与语义检索增强,口语化/模糊检索,中等,在项目/功能“绝缘注塑件”里，失效模式“注塑件起火”的风险最后会体现成什么？,安全事故,安全事故,正确,1.0,315.47,语义RAG,0.6667,1.0,0,,3,,,,,,安全事故,,,6,
145,145,Full-ΣMi残差模型,M1+M2+M3+M4,故障原因诊断类,cause_bool,,M4_证据裁决,证据裁决,简单,FMEA编号“LFP007”对应的原因是否就是“绝缘注塑件不阻燃”？,是,不知道。上下文没有提到FMEA编号为LFP007的相关信息。,错误,0.0,904.73,语义RAG,0.0,0.0,0,,3,是/否判断,,,,,,,是/否判断,6,
146,146,Full-ΣMi残差模型,M1+M2+M3+M4,风险影响评估类,risk_bool,,M4_证据裁决,证据裁决,简单,FMEA编号“LFP007”对应的后果是否就是“安全事故”？,是,不是。FMEA编号“LFP007”并未在提供的上下文中出现，因此无法确定其具体信息。根据已有的信息，“LFP009”和“LFP21”的后果是“安全事故”，但没有找到“LFP007”的相关信息。,错误,0.0,1231.37,语义RAG,1.0,1.0,0,,3,是/否判断,,,,,,,是/否判断,6,
147,147,Full-ΣMi残差模型,M1+M2+M3+M4,风险影响评估类,mode_project_bool,,M4_证据裁决,证据裁决,简单,失效模式“注塑件起火”是不是出现在项目/功能“绝缘注塑件”里？,是,是的，失效模式“注塑件起火”出现在项目/功能“绝缘注塑件”里。,正确,1.0,904.32,语义RAG,0.6667,0.6667,0,,3,,,,,,,,是/否判断,6,
148,148,Full-ΣMi残差模型,M1+M2+M3+M4,风险影响评估类,risk_mode_code,,M3_查询理解与语义检索增强,口语化/模糊检索,简单,失效模式“注塑件起火”对应的FMEA编号是什么？,LFP007,LFP007,正确,1.0,364.53,语义RAG,0.6667,1.0,0,,3,,,7.0,,,LFP007,,FmeaID,6,
149,149,Full-ΣMi残差模型,M1+M2+M3+M4,风险影响评估类,risk_mode_project,,M3_查询理解与语义检索增强,口语化/模糊检索,简单,在项目/功能“绝缘注塑件”里，失效模式“注塑件起火”的后果是什么？,安全事故,安全事故,正确,1.0,754.22,语义RAG,0.6667,1.0,0,,3,,,,,,安全事故,,,6,
150,150,Full-ΣMi残差模型,M1+M2+M3+M4,风险影响评估类,project_avg_rpn,,M2_规则推理,规则推理,中等,项目/功能“电池壳体”的平均RPN是多少？,平均RPN=96.00,84,错误,0.0,695.01,语义RAG,0.3333,0.0,0,,3,,96.0,,,,,96.0,RPN,8,
151,151,Full-ΣMi残差模型,M1+M2+M3+M4,风险影响评估类,project_top_mode,,M2_规则推理,规则推理,中等,项目/功能“电池壳体”里RPN最高的失效模式是什么？,电池漏液；RPN=108.0,电池壳体的最高RPN失效模式是LFP009，失效模式为电池漏液，RPN值为108。,正确,1.0,1007.25,语义RAG,0.3333,1.0,0,,3,,,108.0,,,电池漏液,108.0,FailureMode；RPN,8,
152,152,Full-ΣMi残差模型,M1+M2+M3+M4,风险影响评估类,project_top_effect,,M2_规则推理,规则推理,中等,项目/功能“电池壳体”里RPN最高的那条，它的后果是什么？,安全事故,安全事故,正确,1.0,315.94,语义RAG,0.3333,1.0,0,1.0,3,,,,,,安全事故,,FailureEffect,8,
153,153,Full-ΣMi残差模型,M1+M2+M3+M4,故障原因诊断类,cause_code,,M1_编号直答,CSV直答,简单,FMEA编号“LFP008”这条的潜在失效原因/机理是什么？,电池壳体密封不严,"根据上下文，没有找到FMEA编号为""LFP008""的相关信息，因此不知道其潜在失效原因/机理。",错误,0.0,608.08,语义RAG,0.0,0.0,0,,3,电池壳体密封不严,,,,,电池壳体密封不严,,,7,
154,154,Full-ΣMi残差模型,M1+M2+M3+M4,风险影响评估类,effect_code,,M1_编号直答,CSV直答,简单,FMEA编号“LFP008”这条的潜在失效后果是什么？,电池容量降低,不知道。,错误,0.0,428.99,语义RAG,0.0,0.0,0,,3,电池容量降低,,,,,电池容量降低,,,7,
155,155,Full-ΣMi残差模型,M1+M2+M3+M4,风险影响评估类,rpn_code,,M1_编号直答,CSV直答,简单,FMEA编号“LFP008”这条的RPN是多少？,RPN=84.0,不知道。,错误,0.0,295.4,语义RAG,0.0,1.0,0,,3,,84.0,,,,,84.0,RPN,7,
156,156,Full-ΣMi残差模型,M1+M2+M3+M4,风险影响评估类,s_code,,M1_编号直答,CSV直答,简单,FMEA编号“LFP008”这条的S是多少？,S=7.0,不知道。,错误,0.0,296.28,语义RAG,0.0,1.0,0,,3,,7.0,,,,,7.0,S,7,
157,157,Full-ΣMi残差模型,M1+M2+M3+M4,风险影响评估类,o_code,,M1_编号直答,CSV直答,简单,FMEA编号“LFP008”这条的O是多少？,O=2.0,不知道。,错误,0.0,299.16,语义RAG,0.0,1.0,0,,3,,2.0,,,,,2.0,O,7,
158,158,Full-ΣMi残差模型,M1+M2+M3+M4,风险影响评估类,d_code,,M1_编号直答,CSV直答,简单,FMEA编号“LFP008”这条的D是多少？,D=6.0,不知道。,错误,0.0,249.95,语义RAG,0.0,0.0,0,,3,,6.0,,,,,6.0,D,7,
159,159,Full-ΣMi残差模型,M1+M2+M3+M4,故障措施推荐类,action_code,,M1_编号直答,CSV直答,简单,FMEA编号“LFP008”这条的建议措施是什么？,更换电池,不知道。,错误,0.0,261.21,语义RAG,0.0,0.0,0,,3,更换电池,,,,,更换电池,,RecommendedAction,7,
160,160,Full-ΣMi残差模型,M1+M2+M3+M4,故障原因诊断类,cause_mode,,M3_查询理解与语义检索增强,口语化/模糊检索,简单,失效模式“电解液挥发”对应的潜在失效原因/机理是什么？,电池壳体密封不严,你提到的失效模式“电解液挥发”在提供的上下文中并没有出现，因此根据现有信息，我无法得知其对应的潜在失效原因/机理。,错误,0.0,1054.52,语义RAG,0.0,0.0,0,,3,电池壳体密封不严,,,,,电池壳体密封不严,,,7,
161,161,Full-ΣMi残差模型,M1+M2+M3+M4,风险影响评估类,effect_mode,,M3_查询理解与语义检索增强,口语化/模糊检索,简单,失效模式“电解液挥发”对应的潜在失效后果是什么？,电池容量降低,你提到的失效模式“电解液挥发”不在提供的上下文信息中，因此我无法根据现有内容回答该问题。根据当前的FMEA记录，没有关于“电解液挥发”的失效模式及其对应后果的信息。,错误,0.0,827.76,语义RAG,0.0,0.0,0,,3,电池容量降低,,,,,电池容量降低,,,7,
162,162,Full-ΣMi残差模型,M1+M2+M3+M4,风险影响评估类,rpn_mode,,M3_查询理解与语义检索增强,口语化/模糊检索,简单,失效模式“电解液挥发”的RPN是多少？,RPN=84.0,不知道。,错误,0.0,263.25,语义RAG,0.0,1.0,0,,3,,84.0,,,,,84.0,RPN,7,
163,163,Full-ΣMi残差模型,M1+M2+M3+M4,故障措施推荐类,action_mode,,M3_查询理解与语义检索增强,口语化/模糊检索,简单,失效模式“电解液挥发”对应的建议措施是什么？,更换电池,你询问的失效模式“电解液挥发”在提供的上下文中并没有出现，因此无法找到对应的建议措施。根据现有信息，没有关于“电解液挥发”的失效模式及其建议措施。,错误,0.0,600.6,语义RAG,0.0,0.0,0,,3,更换电池,,,,,更换电池,,RecommendedAction,7,
164,164,Full-ΣMi残差模型,M1+M2+M3+M4,故障原因诊断类,cause_colloquial,,M3_查询理解与语义检索增强,口语化/模糊检索,中等,在项目/功能“电池壳体”里，失效模式“电解液挥发”这个问题，原因讲白一点是什么？,电池壳体密封不严,你提到的“电解液挥发”这个失效模式不在提供的上下文中出现。根据现有信息，“电池壳体”的失效模式包括： - 电池漏液 (LFP009) - 电池组漏液 (LFP006) 这两个失效模式的原因分别是： 1. 外力损伤；碰撞、安装不规范造成密封结构破坏；制造原因：焊接缺陷、封合胶量不足造成密封性能不好。 2. 电池组间隙大电池受到挤压碰撞震动。 因此，如果要回答“电解液挥发”的问题，根据现有信息，可以推测其原因可能与上述提到的外力损伤和安装不规范有关。但请注意，这并不是直接从提供的上下文中得出的答案。,错误,0.0,2019.76,语义RAG,0.3333,0.0,0,,3,电池壳体密封不严,,,,,电池壳体密封不严,,,7,
165,165,Full-ΣMi残差模型,M1+M2+M3+M4,风险影响评估类,effect_colloquial,,M3_查询理解与语义检索增强,口语化/模糊检索,中等,在项目/功能“电池壳体”里，失效模式“电解液挥发”最后会带来什么后果？,电池容量降低,你知道的问题中并没有提到“电解液挥发”这个失效模式，最接近的是编号LFP009中的“电池漏液”，其后果是安全事故。如果确实是指“电解液挥发”，根据提供的信息，并没有找到相关描述，请确认失效模式是否正确。,错误,0.0,934.97,语义RAG,0.6667,1.0,0,,3,电池容量降低,,,,,电池容量降低,,,7,
166,166,Full-ΣMi残差模型,M1+M2+M3+M4,故障措施推荐类,action_colloquial,,M3_查询理解与语义检索增强,口语化/模糊检索,中等,在项目/功能“电池壳体”里，失效模式“电解液挥发”一般怎么处理？,更换电池,根据上下文，没有找到关于“电池壳体”中“电解液挥发”的失效模式和建议措施。因此，无法直接回答该问题。 根据提供的信息，“电池壳体”相关的失效模式及其建议措施如下： - 失效模式：电池漏液（编号LFP009） - 建议措施：更换电池 由于没有找到“电解液挥发”的具体处理方式，可以推测可能需要检查密封情况并采取相应的防水防漏措施。但具体情况还需参照实际项目标准和建议措施。,正确,1.0,1440.53,语义RAG,0.3333,1.0,0,,3,,,,,,更换电池,,,7,
167,167,Full-ΣMi残差模型,M1+M2+M3+M4,风险影响评估类,risk_colloquial,,M3_查询理解与语义检索增强,口语化/模糊检索,中等,在项目/功能“电池壳体”里，失效模式“电解液挥发”的风险最后会体现成什么？,电池容量降低,你知道的问题中并没有提到“电解液挥发”这个失效模式，最接近的是编号LFP009中的“电池漏液”，但这也并不是你问的“电解液挥发”。根据提供的信息，在项目/功能“电池壳体”里，并没有找到与“电解液挥发”相关的失效模式。所以，基于给定的信息，我无法回答这个问题。,错误,0.0,1125.3,语义RAG,0.6667,1.0,0,,3,电池容量降低,,,,,电池容量降低,,,7,
168,168,Full-ΣMi残差模型,M1+M2+M3+M4,故障原因诊断类,cause_bool,,M4_证据裁决,证据裁决,简单,FMEA编号“LFP008”对应的原因是否就是“电池壳体密封不严”？,是,不是。FMEA编号“LFP009”对应的原因是“外力损伤；碰撞、安装不规范造成密封结构破坏；制造原因：焊接缺陷、封合胶量不足造成密封性能不好。”,错误,0.0,805.32,语义RAG,0.0,0.0,0,,3,是/否判断,,,,,,,是/否判断,7,
169,169,Full-ΣMi残差模型,M1+M2+M3+M4,风险影响评估类,risk_bool,,M4_证据裁决,证据裁决,简单,FMEA编号“LFP008”对应的后果是否就是“电池容量降低”？,是,不是。FMEA编号“LFP008”对应的后果是“电池组无法工作”。,错误,0.0,595.67,语义RAG,0.0,0.0,0,,3,是/否判断,,,,,,,是/否判断,7,
170,170,Full-ΣMi残差模型,M1+M2+M3+M4,风险影响评估类,mode_project_bool,,M4_证据裁决,证据裁决,简单,失效模式“电解液挥发”是不是出现在项目/功能“电池壳体”里？,是,"不在，""电池壳体""项目的失效模式是""电池漏液""和""电池箱体进灰尘""。",正确,1.0,954.14,语义RAG,0.3333,0.3333,0,,3,,,,,,,,是/否判断,7,
171,171,Full-ΣMi残差模型,M1+M2+M3+M4,风险影响评估类,risk_mode_code,,M3_查询理解与语义检索增强,口语化/模糊检索,简单,失效模式“电解液挥发”对应的FMEA编号是什么？,LFP008,不知道。,错误,0.0,491.62,语义RAG,0.0,0.0,0,,3,LFP008,,,,,LFP008,,FmeaID,7,
172,172,Full-ΣMi残差模型,M1+M2+M3+M4,风险影响评估类,risk_mode_project,,M3_查询理解与语义检索增强,口语化/模糊检索,简单,在项目/功能“电池壳体”里，失效模式“电解液挥发”的后果是什么？,电池容量降低,不知道。上下文没有提到“电池壳体”中“电解液挥发”的失效模式及其后果。,错误,0.0,983.74,语义RAG,0.3333,1.0,0,,3,电池容量降低,,,,,电池容量降低,,,7,
173,173,Full-ΣMi残差模型,M1+M2+M3+M4,故障原因诊断类,cause_code,,M1_编号直答,CSV直答,简单,FMEA编号“LFP009”这条的潜在失效原因/机理是什么？,外力损伤；碰撞、安装不规范造成密封结构破坏；制造原因：焊接缺陷、封合胶量不足造成密封性能不好。,潜在失效原因/机理：外力损伤；碰撞、安装不规范造成密封结构破坏；制造原因：焊接缺陷、封合胶量不足造成密封性能不好。,正确,1.0,699.55,语义RAG,0.3333,1.0,0,,3,,,,,,外力损伤；碰撞、安装不规范造成密封结构破坏；制造原因：焊接缺陷、封合胶量不足造成密封性能不好。,,,8,
174,174,Full-ΣMi残差模型,M1+M2+M3+M4,风险影响评估类,effect_code,,M1_编号直答,CSV直答,简单,FMEA编号“LFP009”这条的潜在失效后果是什么？,安全事故,不知道。,错误,0.0,435.37,语义RAG,0.0,1.0,0,,3,安全事故,,,,,安全事故,,,8,
175,175,Full-ΣMi残差模型,M1+M2+M3+M4,风险影响评估类,rpn_code,,M1_编号直答,CSV直答,简单,FMEA编号“LFP009”这条的RPN是多少？,RPN=108.0,不知道。,错误,0.0,285.15,语义RAG,0.0,0.0,0,,3,,108.0,,,,,108.0,RPN,8,
176,176,Full-ΣMi残差模型,M1+M2+M3+M4,风险影响评估类,s_code,,M1_编号直答,CSV直答,简单,FMEA编号“LFP009”这条的S是多少？,S=9.0,不知道。,错误,0.0,272.9,语义RAG,0.0,1.0,0,,3,,9.0,,,,,9.0,S,8,
177,177,Full-ΣMi残差模型,M1+M2+M3+M4,风险影响评估类,o_code,,M1_编号直答,CSV直答,简单,FMEA编号“LFP009”这条的O是多少？,O=2.0,不知道。,错误,0.0,295.68,语义RAG,0.0,1.0,0,,3,,2.0,,,,,2.0,O,8,
178,178,Full-ΣMi残差模型,M1+M2+M3+M4,风险影响评估类,d_code,,M1_编号直答,CSV直答,简单,FMEA编号“LFP009”这条的D是多少？,D=6.0,不知道。,错误,0.0,229.96,语义RAG,0.0,0.0,0,,3,,6.0,,,,,6.0,D,8,
179,179,Full-ΣMi残差模型,M1+M2+M3+M4,故障措施推荐类,action_code,,M1_编号直答,CSV直答,简单,FMEA编号“LFP009”这条的建议措施是什么？,更换电池,不知道。,错误,0.0,281.37,语义RAG,0.0,0.0,0,,3,更换电池,,,,,更换电池,,RecommendedAction,8,
180,180,Full-ΣMi残差模型,M1+M2+M3+M4,故障原因诊断类,cause_mode,,M3_查询理解与语义检索增强,口语化/模糊检索,简单,失效模式“电池漏液”对应的潜在失效原因/机理是什么？,外力损伤；碰撞、安装不规范造成密封结构破坏；制造原因：焊接缺陷、封合胶量不足造成密封性能不好。,失效模式“电池漏液”的潜在失效原因/机理是：外力损伤；碰撞、安装不规范造成密封结构破坏；制造原因：焊接缺陷、封合胶量不足造成密封性能不好。,正确,1.0,1112.39,语义RAG,0.3333,1.0,0,,3,,,,,,外力损伤；碰撞、安装不规范造成密封结构破坏；制造原因：焊接缺陷、封合胶量不足造成密封性能不好。,,,8,
181,181,Full-ΣMi残差模型,M1+M2+M3+M4,风险影响评估类,effect_mode,,M3_查询理解与语义检索增强,口语化/模糊检索,简单,失效模式“电池漏液”对应的潜在失效后果是什么？,安全事故,你提到的失效模式“电池漏液”在提供的上下文中并没有出现，因此根据现有信息无法得知其对应的潜在失效后果。,错误,0.0,687.25,语义RAG,0.0,1.0,0,,3,安全事故,,,,,安全事故,,,8,
182,182,Full-ΣMi残差模型,M1+M2+M3+M4,风险影响评估类,rpn_mode,,M3_查询理解与语义检索增强,口语化/模糊检索,简单,失效模式“电池漏液”的RPN是多少？,RPN=108.0,不知道。,错误,0.0,274.63,语义RAG,0.0,0.0,0,,3,,108.0,,,,,108.0,RPN,8,
183,183,Full-ΣMi残差模型,M1+M2+M3+M4,故障措施推荐类,action_mode,,M3_查询理解与语义检索增强,口语化/模糊检索,简单,失效模式“电池漏液”对应的建议措施是什么？,更换电池,你询问的失效模式“电池漏液”在提供的上下文中并没有出现，因此无法找到对应的建议措施。根据现有信息，与“电池漏液”不相关的FMEA记录中，最接近的是编号LFP001中的失效模式“现场电池组无输出电压”，其建议措施为：“现场更换损坏器件和改正错误”。但请注意这并不是你所问的“电池漏液”的建议措施。,错误,0.0,994.24,语义RAG,0.0,0.0,0,,3,更换电池,,,,,更换电池,,RecommendedAction,8,
184,184,Full-ΣMi残差模型,M1+M2+M3+M4,故障原因诊断类,cause_colloquial,,M3_查询理解与语义检索增强,口语化/模糊检索,中等,在项目/功能“电池壳体”里，失效模式“电池漏液”这个问题，原因讲白一点是什么？,外力损伤；碰撞、安装不规范造成密封结构破坏；制造原因：焊接缺陷、封合胶量不足造成密封性能不好。,外力损伤；碰撞、安装不规范造成密封结构破坏；制造原因：焊接缺陷、封合胶量不足造成密封性能不好。,正确,1.0,962.3,语义RAG,0.3333,1.0,0,,3,,,,,,外力损伤；碰撞、安装不规范造成密封结构破坏；制造原因：焊接缺陷、封合胶量不足造成密封性能不好。,,,8,
185,185,Full-ΣMi残差模型,M1+M2+M3+M4,风险影响评估类,effect_colloquial,,M3_查询理解与语义检索增强,口语化/模糊检索,中等,在项目/功能“电池壳体”里，失效模式“电池漏液”最后会带来什么后果？,安全事故,安全事故,正确,1.0,773.21,语义RAG,0.6667,1.0,0,,3,,,,,,安全事故,,,8,
186,186,Full-ΣMi残差模型,M1+M2+M3+M4,故障措施推荐类,action_colloquial,,M3_查询理解与语义检索增强,口语化/模糊检索,中等,在项目/功能“电池壳体”里，失效模式“电池漏液”一般怎么处理？,更换电池,建议措施: 更换电池。,正确,1.0,799.47,语义RAG,0.3333,1.0,0,,3,,,,,,更换电池,,,8,
187,187,Full-ΣMi残差模型,M1+M2+M3+M4,风险影响评估类,risk_colloquial,,M3_查询理解与语义检索增强,口语化/模糊检索,中等,在项目/功能“电池壳体”里，失效模式“电池漏液”的风险最后会体现成什么？,安全事故,后果 / FailureEffect: 安全事故,正确,1.0,509.83,语义RAG,0.6667,1.0,0,,3,,,,,,安全事故,,,8,
188,188,Full-ΣMi残差模型,M1+M2+M3+M4,故障原因诊断类,cause_bool,,M4_证据裁决,证据裁决,简单,FMEA编号“LFP009”对应的原因是否就是“外力损伤；碰撞、安装不规范造成密封结构破坏；制造原因：焊接缺陷、封合胶量不足造成密封性能不好。”？,是,是的，FMEA编号“LFP009”对应的原因就是“外力损伤；碰撞、安装不规范造成密封结构破坏；制造原因：焊接缺陷、封合胶量不足造成密封性能不好。”,正确,1.0,780.1,语义RAG,1.0,1.0,0,,3,,,,,,,,是/否判断,8,
189,189,Full-ΣMi残差模型,M1+M2+M3+M4,风险影响评估类,risk_bool,,M4_证据裁决,证据裁决,简单,FMEA编号“LFP009”对应的后果是否就是“安全事故”？,是,是的，FMEA编号“LFP009”对应的后果就是“安全事故”。,正确,1.0,878.32,语义RAG,1.0,1.0,0,,3,,,,,,,,是/否判断,8,
190,190,Full-ΣMi残差模型,M1+M2+M3+M4,风险影响评估类,mode_project_bool,,M4_证据裁决,证据裁决,简单,失效模式“电池漏液”是不是出现在项目/功能“电池壳体”里？,是,是的，失效模式“电池漏液”出现在项目/功能“电池壳体”里。,正确,1.0,904.37,语义RAG,0.3333,0.3333,0,,3,,,,,,,,是/否判断,8,
191,191,Full-ΣMi残差模型,M1+M2+M3+M4,风险影响评估类,risk_mode_code,,M3_查询理解与语义检索增强,口语化/模糊检索,简单,失效模式“电池漏液”对应的FMEA编号是什么？,LFP009,不知道。,错误,0.0,448.74,语义RAG,0.0,0.0,0,,3,LFP009,,,,,LFP009,,FmeaID,8,
192,192,Full-ΣMi残差模型,M1+M2+M3+M4,风险影响评估类,risk_mode_project,,M3_查询理解与语义检索增强,口语化/模糊检索,简单,在项目/功能“电池壳体”里，失效模式“电池漏液”的后果是什么？,安全事故,安全事故,正确,1.0,779.56,语义RAG,0.3333,1.0,0,,3,,,,,,安全事故,,,8,
193,193,Full-ΣMi残差模型,M1+M2+M3+M4,风险影响评估类,project_avg_rpn,,M2_规则推理,规则推理,中等,项目/功能“高压箱”的平均RPN是多少？,平均RPN=103.00,103,正确,1.0,454.25,语义RAG,1.0,1.0,0,,3,,,103.0,,,,103.0,RPN,11,
194,194,Full-ΣMi残差模型,M1+M2+M3+M4,风险影响评估类,project_top_mode,,M2_规则推理,规则推理,中等,项目/功能“高压箱”里RPN最高的失效模式是什么？,输出不受控制；RPN=180.0,输出的RPN最高的是“高压带电”，其RPN值为120。,错误,0.0,457.81,语义RAG,1.0,1.0,0,,3,输出不受控制,180.0,,,,输出不受控制,180.0,FailureMode；RPN,11,
195,195,Full-ΣMi残差模型,M1+M2+M3+M4,风险影响评估类,project_top_effect,,M2_规则推理,规则推理,中等,项目/功能“高压箱”里RPN最高的那条，它的后果是什么？,安全事故,安全事故,正确,1.0,303.96,语义RAG,1.0,1.0,0,1.0,3,,,,,,安全事故,,FailureEffect,11,
196,196,Full-ΣMi残差模型,M1+M2+M3+M4,故障原因诊断类,cause_code,,M1_编号直答,CSV直答,简单,FMEA编号“LFP010”这条的潜在失效原因/机理是什么？,无有效保护措施,无有效保护措施。,正确,1.0,441.65,语义RAG,0.3333,1.0,0,,3,,,,,,无有效保护措施,,,9,
197,197,Full-ΣMi残差模型,M1+M2+M3+M4,风险影响评估类,effect_code,,M1_编号直答,CSV直答,简单,FMEA编号“LFP010”这条的潜在失效后果是什么？,安全事故,不知道。,错误,0.0,450.67,语义RAG,0.0,1.0,0,,3,安全事故,,,,,安全事故,,,9,
198,198,Full-ΣMi残差模型,M1+M2+M3+M4,风险影响评估类,rpn_code,,M1_编号直答,CSV直答,简单,FMEA编号“LFP010”这条的RPN是多少？,RPN=120.0,84,错误,0.0,296.77,语义RAG,0.0,0.0,0,,3,,120.0,,,,,120.0,RPN,9,
199,199,Full-ΣMi残差模型,M1+M2+M3+M4,风险影响评估类,s_code,,M1_编号直答,CSV直答,简单,FMEA编号“LFP010”这条的S是多少？,S=10.0,不知道。,错误,0.0,278.2,语义RAG,0.0,0.0,0,,3,,10.0,,,,,10.0,S,9,
200,200,Full-ΣMi残差模型,M1+M2+M3+M4,风险影响评估类,o_code,,M1_编号直答,CSV直答,简单,FMEA编号“LFP010”这条的O是多少？,O=2.0,3,错误,0.0,303.79,语义RAG,0.0,1.0,0,,3,,2.0,,,,,2.0,O,9,
201,201,Full-ΣMi残差模型,M1+M2+M3+M4,风险影响评估类,d_code,,M1_编号直答,CSV直答,简单,FMEA编号“LFP010”这条的D是多少？,D=6.0,7,错误,0.0,279.12,语义RAG,0.0,0.0,0,,3,,6.0,,,,,6.0,D,9,
202,202,Full-ΣMi残差模型,M1+M2+M3+M4,故障措施推荐类,action_code,,M1_编号直答,CSV直答,简单,FMEA编号“LFP010”这条的建议措施是什么？,现场做防护处理,FMEA编号“LFP010”这条的信息中并没有提到具体的建议措施。,错误,0.0,391.22,语义RAG,0.0,0.0,0,,3,现场做防护处理,,,,,现场做防护处理,,RecommendedAction,9,
203,203,Full-ΣMi残差模型,M1+M2+M3+M4,故障原因诊断类,cause_mode,,M3_查询理解与语义检索增强,口语化/模糊检索,简单,失效模式“漏电”对应的潜在失效原因/机理是什么？,无有效保护措施,无相关失效模式“漏电”的失效原因/机理信息。根据提供的上下文，失效模式为“漏电”的记录如下： FMEA编号=LFP010; 项目/功能=高压箱; 失效模式=漏电; RPN=120; S=10; O=2; D=6; 原因=无有效保护措施; 后果=安全事故; 建议措施=现场做防护处理.,正确,1.0,1570.42,语义RAG,0.3333,1.0,0,,3,,,,,,无有效保护措施,,,9,
204,204,Full-ΣMi残差模型,M1+M2+M3+M4,风险影响评估类,effect_mode,,M3_查询理解与语义检索增强,口语化/模糊检索,简单,失效模式“漏电”对应的潜在失效后果是什么？,安全事故,你询问的失效模式“漏电”在提供的上下文中并未出现，因此无法得知其对应的潜在失效后果。根据现有信息，与之最接近的是“失效模式 / FailureMode”字段中的“现场电池组无输出电压”，其对应的“失效后果 / FailureEffect”为“电池组无法工作”。,错误,0.0,988.38,语义RAG,0.0,1.0,0,,3,安全事故,,,,,安全事故,,,9,
205,205,Full-ΣMi残差模型,M1+M2+M3+M4,风险影响评估类,rpn_mode,,M3_查询理解与语义检索增强,口语化/模糊检索,简单,失效模式“漏电”的RPN是多少？,RPN=120.0,不知道。,错误,0.0,274.82,语义RAG,0.0,0.0,0,,3,,120.0,,,,,120.0,RPN,9,
206,206,Full-ΣMi残差模型,M1+M2+M3+M4,故障措施推荐类,action_mode,,M3_查询理解与语义检索增强,口语化/模糊检索,简单,失效模式“漏电”对应的建议措施是什么？,现场做防护处理,不知道。上下文中的失效模式不包括“漏电”。,错误,0.0,374.95,语义RAG,0.0,0.0,0,,3,现场做防护处理,,,,,现场做防护处理,,RecommendedAction,9,
207,207,Full-ΣMi残差模型,M1+M2+M3+M4,故障原因诊断类,cause_colloquial,,M3_查询理解与语义检索增强,口语化/模糊检索,中等,在项目/功能“高压箱”里，失效模式“漏电”这个问题，原因讲白一点是什么？,无有效保护措施,无有效保护措施。,正确,1.0,864.42,语义RAG,0.6667,1.0,0,,3,,,,,,无有效保护措施,,,9,
208,208,Full-ΣMi残差模型,M1+M2+M3+M4,风险影响评估类,effect_colloquial,,M3_查询理解与语义检索增强,口语化/模糊检索,中等,在项目/功能“高压箱”里，失效模式“漏电”最后会带来什么后果？,安全事故,安全事故,正确,1.0,482.85,语义RAG,1.0,1.0,0,,3,,,,,,安全事故,,,9,
209,209,Full-ΣMi残差模型,M1+M2+M3+M4,故障措施推荐类,action_colloquial,,M3_查询理解与语义检索增强,口语化/模糊检索,中等,在项目/功能“高压箱”里，失效模式“漏电”一般怎么处理？,现场做防护处理,建议措施=现场做防护处理.,正确,1.0,536.35,语义RAG,1.0,1.0,0,,3,,,,,,现场做防护处理,,,9,
210,210,Full-ΣMi残差模型,M1+M2+M3+M4,风险影响评估类,risk_colloquial,,M3_查询理解与语义检索增强,口语化/模糊检索,中等,在项目/功能“高压箱”里，失效模式“漏电”的风险最后会体现成什么？,安全事故,后果=安全事故,正确,1.0,315.73,语义RAG,1.0,1.0,0,,3,,,,,,安全事故,,,9,
211,211,Full-ΣMi残差模型,M1+M2+M3+M4,故障原因诊断类,cause_bool,,M4_证据裁决,证据裁决,简单,FMEA编号“LFP010”对应的原因是否就是“无有效保护措施”？,是,是。,正确,1.0,462.0,语义RAG,0.3333,0.3333,0,,3,,,,,,,,是/否判断,9,
212,212,Full-ΣMi残差模型,M1+M2+M3+M4,风险影响评估类,risk_bool,,M4_证据裁决,证据裁决,简单,FMEA编号“LFP010”对应的后果是否就是“安全事故”？,是,是的，FMEA编号“LFP010”对应的后果就是“安全事故”。,正确,1.0,904.07,语义RAG,1.0,1.0,0,,3,,,,,,,,是/否判断,9,
213,213,Full-ΣMi残差模型,M1+M2+M3+M4,风险影响评估类,mode_project_bool,,M4_证据裁决,证据裁决,简单,失效模式“漏电”是不是出现在项目/功能“高压箱”里？,是,是的，失效模式“漏电”出现在项目/功能“高压箱”里。,正确,1.0,915.49,语义RAG,1.0,1.0,0,,3,,,,,,,,是/否判断,9,
214,214,Full-ΣMi残差模型,M1+M2+M3+M4,风险影响评估类,risk_mode_code,,M3_查询理解与语义检索增强,口语化/模糊检索,简单,失效模式“漏电”对应的FMEA编号是什么？,LFP010,不知道。,错误,0.0,444.12,语义RAG,0.0,0.0,0,,3,LFP010,,,,,LFP010,,FmeaID,9,
215,215,Full-ΣMi残差模型,M1+M2+M3+M4,风险影响评估类,risk_mode_project,,M3_查询理解与语义检索增强,口语化/模糊检索,简单,在项目/功能“高压箱”里，失效模式“漏电”的后果是什么？,安全事故,后果=安全事故,正确,1.0,797.86,语义RAG,1.0,1.0,0,,3,,,,,,安全事故,,,9,
216,216,Full-ΣMi残差模型,M1+M2+M3+M4,故障原因诊断类,cause_code,,M1_编号直答,CSV直答,简单,FMEA编号“LFP011”这条的潜在失效原因/机理是什么？,使用电流高于额定电流不保护,"不知道。上下文中的FMEA编号并未包含""LFP011""这一条目。",错误,0.0,572.02,语义RAG,0.0,0.0,0,,3,使用电流高于额定电流不保护,,,,,使用电流高于额定电流不保护,,,10,
217,217,Full-ΣMi残差模型,M1+M2+M3+M4,风险影响评估类,effect_code,,M1_编号直答,CSV直答,简单,FMEA编号“LFP011”这条的潜在失效后果是什么？,安全事故,安全事故,正确,1.0,470.29,语义RAG,0.3333,1.0,0,,3,,,,,,安全事故,,,10,
218,218,Full-ΣMi残差模型,M1+M2+M3+M4,风险影响评估类,rpn_code,,M1_编号直答,CSV直答,简单,FMEA编号“LFP011”这条的RPN是多少？,RPN=18.0,18,正确,1.0,265.87,语义RAG,0.3333,1.0,0,,3,,,18.0,,,,18.0,RPN,10,
219,219,Full-ΣMi残差模型,M1+M2+M3+M4,风险影响评估类,s_code,,M1_编号直答,CSV直答,简单,FMEA编号“LFP011”这条的S是多少？,S=9.0,9,正确,1.0,276.78,语义RAG,0.3333,1.0,0,,3,,,9.0,,,,9.0,S,10,
220,220,Full-ΣMi残差模型,M1+M2+M3+M4,风险影响评估类,o_code,,M1_编号直答,CSV直答,简单,FMEA编号“LFP011”这条的O是多少？,O=2.0,3,错误,0.0,279.32,语义RAG,0.3333,1.0,0,,3,,2.0,,,,,2.0,O,10,
221,221,Full-ΣMi残差模型,M1+M2+M3+M4,风险影响评估类,d_code,,M1_编号直答,CSV直答,简单,FMEA编号“LFP011”这条的D是多少？,D=5.0,7,错误,0.0,273.04,语义RAG,0.3333,1.0,0,,3,,5.0,,,,,5.0,D,10,
222,222,Full-ΣMi残差模型,M1+M2+M3+M4,故障原因诊断类,cause_mode,,M3_查询理解与语义检索增强,口语化/模糊检索,简单,失效模式“过电流”对应的潜在失效原因/机理是什么？,使用电流高于额定电流不保护,你提到的“过电流”这个失效模式在提供的上下文中并没有出现，因此我无法直接找到其对应的潜在失效原因/机理。根据现有信息，最接近的是电池管理系中的“BMS通信异常”，但那并不是“过电流”。如果你能提供更详细的信息或确认失效模式名称，我会很乐意帮助你进一步分析。,错误,0.0,1363.55,语义RAG,0.0,0.0,0,,3,使用电流高于额定电流不保护,,,,,使用电流高于额定电流不保护,,,10,
223,223,Full-ΣMi残差模型,M1+M2+M3+M4,风险影响评估类,effect_mode,,M3_查询理解与语义检索增强,口语化/模糊检索,简单,失效模式“过电流”对应的潜在失效后果是什么？,安全事故,失效后果 / FailureEffect / effect / result / consequence / 结果 / 后果 / 会怎样: 安全事故,正确,1.0,641.0,语义RAG,0.3333,1.0,0,,3,,,,,,安全事故,,,10,
224,224,Full-ΣMi残差模型,M1+M2+M3+M4,风险影响评估类,rpn_mode,,M3_查询理解与语义检索增强,口语化/模糊检索,简单,失效模式“过电流”的RPN是多少？,RPN=18.0,18,正确,1.0,267.52,语义RAG,0.3333,1.0,0,,3,,,18.0,,,,18.0,RPN,10,
225,225,Full-ΣMi残差模型,M1+M2+M3+M4,故障原因诊断类,cause_colloquial,,M3_查询理解与语义检索增强,口语化/模糊检索,中等,在项目/功能“高压箱”里，失效模式“过电流”这个问题，原因讲白一点是什么？,使用电流高于额定电流不保护,根据上下文，高压箱的失效模式“输出不受控制”的原因是“元器件损坏”。但你询问的是“过电流”问题的原因，而上下文中并没有提到“过电流”这个失效模式。因此，我无法直接从给定信息中找到答案。 根据提供的信息，与高压箱相关的最高风险条目是： - FMEA编号=LFP012; 失效模式=输出不受控制; RPN=180; S=9; O=4; D=5; 原因=元器件损坏; 后果=安全事故; 建议措施=更换损坏器件. 如果你有其他相关信息或具体的失效模式，请提供，以便我能更准确地回答你的问题。,错误,0.0,2114.39,语义RAG,0.6667,0.0,0,,3,使用电流高于额定电流不保护,,,,,使用电流高于额定电流不保护,,,10,
226,226,Full-ΣMi残差模型,M1+M2+M3+M4,风险影响评估类,effect_colloquial,,M3_查询理解与语义检索增强,口语化/模糊检索,中等,在项目/功能“高压箱”里，失效模式“过电流”最后会带来什么后果？,安全事故,根据上下文，高压箱的失效模式中并没有“过电流”，而是有“高压带电”。因此，对于这个问题，答案是不知道。,错误,0.0,722.34,语义RAG,1.0,1.0,0,,3,安全事故,,,,,安全事故,,,10,
227,227,Full-ΣMi残差模型,M1+M2+M3+M4,风险影响评估类,risk_colloquial,,M3_查询理解与语义检索增强,口语化/模糊检索,中等,在项目/功能“高压箱”里，失效模式“过电流”的风险最后会体现成什么？,安全事故,根据上下文，高压箱里的失效模式“过电流”并没有直接列出。但是可以参考类似的风险条目“高压带电”（FMEA编号LFP013），其失效后果是安全事故。因此，在项目/功能“高压箱”里，失效模式“过电流”的风险最后可能会体现成安全事故。,正确,1.0,978.49,语义RAG,1.0,1.0,0,,3,,,,,,安全事故,,,10,
228,228,Full-ΣMi残差模型,M1+M2+M3+M4,故障原因诊断类,cause_bool,,M4_证据裁决,证据裁决,简单,FMEA编号“LFP011”对应的原因是否就是“使用电流高于额定电流不保护”？,是,是的，失效原因 / FailureCause 是 “使用电流高于额定电流不保护”。,正确,1.0,474.51,语义RAG,0.3333,0.3333,0,,3,,,,,,,,是/否判断,10,
229,229,Full-ΣMi残差模型,M1+M2+M3+M4,风险影响评估类,risk_bool,,M4_证据裁决,证据裁决,简单,FMEA编号“LFP011”对应的后果是否就是“安全事故”？,是,不是。FMEA编号“LFP011”并未在提供的上下文中出现，最接近的是“FMEA编号=LFP026”，其对应的后果是“影响电池工作”。,错误,0.0,1071.72,语义RAG,1.0,1.0,0,,3,是/否判断,,,,,,,是/否判断,10,
230,230,Full-ΣMi残差模型,M1+M2+M3+M4,风险影响评估类,mode_project_bool,,M4_证据裁决,证据裁决,简单,失效模式“过电流”是不是出现在项目/功能“高压箱”里？,是,不是。上下文中的失效模式和项目/功能没有提到“过电流”，相关的失效模式是“高压带电”，并且确实出现在项目/功能“高压箱”中，但并不是“过电流”。,错误,0.0,1139.97,语义RAG,1.0,1.0,0,,3,是/否判断,,,,,,,是/否判断,10,
231,231,Full-ΣMi残差模型,M1+M2+M3+M4,风险影响评估类,risk_mode_code,,M3_查询理解与语义检索增强,口语化/模糊检索,简单,失效模式“过电流”对应的FMEA编号是什么？,LFP011,LFP011,正确,1.0,429.01,语义RAG,0.3333,1.0,0,,3,,,11.0,,,LFP011,,FmeaID,10,
232,232,Full-ΣMi残差模型,M1+M2+M3+M4,风险影响评估类,risk_mode_project,,M3_查询理解与语义检索增强,口语化/模糊检索,简单,在项目/功能“高压箱”里，失效模式“过电流”的后果是什么？,安全事故,根据上下文，高压箱的失效模式中并没有“过电流”，而是有“高压带电”。因此，无法直接回答“过电流”的后果。根据提供的信息，“高压带电”的后果是“安全事故”。 若需要其他帮助或有其他问题，请告知！,正确,1.0,1271.92,语义RAG,1.0,1.0,0,,3,,,,,,安全事故,,,10,
233,233,Full-ΣMi残差模型,M1+M2+M3+M4,故障原因诊断类,cause_code,,M1_编号直答,CSV直答,简单,FMEA编号“LFP012”这条的潜在失效原因/机理是什么？,元器件损坏,元器件损坏,正确,1.0,408.66,语义RAG,0.3333,1.0,0,,3,,,,,,元器件损坏,,,11,
234,234,Full-ΣMi残差模型,M1+M2+M3+M4,风险影响评估类,effect_code,,M1_编号直答,CSV直答,简单,FMEA编号“LFP012”这条的潜在失效后果是什么？,安全事故,不知道。,错误,0.0,459.96,语义RAG,0.0,1.0,0,,3,安全事故,,,,,安全事故,,,11,
235,235,Full-ΣMi残差模型,M1+M2+M3+M4,风险影响评估类,rpn_code,,M1_编号直答,CSV直答,简单,FMEA编号“LFP012”这条的RPN是多少？,RPN=180.0,不知道。,错误,0.0,236.76,语义RAG,0.0,0.0,0,,3,,180.0,,,,,180.0,RPN,11,
236,236,Full-ΣMi残差模型,M1+M2+M3+M4,风险影响评估类,s_code,,M1_编号直答,CSV直答,简单,FMEA编号“LFP012”这条的S是多少？,S=9.0,不知道。,错误,0.0,298.6,语义RAG,0.0,1.0,0,,3,,9.0,,,,,9.0,S,11,
237,237,Full-ΣMi残差模型,M1+M2+M3+M4,风险影响评估类,o_code,,M1_编号直答,CSV直答,简单,FMEA编号“LFP012”这条的O是多少？,O=4.0,这个问题中没有找到FMEA编号为“LFP012”的记录，根据提供的上下文信息，只有编号为“LFP020”，“LFP011”和“LFP001”的记录。因此，无法回答此问题。,错误,0.0,762.38,语义RAG,0.0,1.0,0,,3,,4.0,,,,,4.0,O,11,
238,238,Full-ΣMi残差模型,M1+M2+M3+M4,风险影响评估类,d_code,,M1_编号直答,CSV直答,简单,FMEA编号“LFP012”这条的D是多少？,D=5.0,不知道。,错误,0.0,255.67,语义RAG,0.0,1.0,0,,3,,5.0,,,,,5.0,D,11,
239,239,Full-ΣMi残差模型,M1+M2+M3+M4,故障措施推荐类,action_code,,M1_编号直答,CSV直答,简单,FMEA编号“LFP012”这条的建议措施是什么？,更换损坏器件,不知道。,错误,0.0,286.18,语义RAG,0.0,1.0,0,,3,更换损坏器件,,,,,更换损坏器件,,RecommendedAction,11,
240,240,Full-ΣMi残差模型,M1+M2+M3+M4,故障原因诊断类,cause_mode,,M3_查询理解与语义检索增强,口语化/模糊检索,简单,失效模式“输出不受控制”对应的潜在失效原因/机理是什么？,元器件损坏,元器件损坏,正确,1.0,764.02,语义RAG,0.6667,1.0,0,,3,,,,,,元器件损坏,,,11,
241,241,Full-ΣMi残差模型,M1+M2+M3+M4,风险影响评估类,effect_mode,,M3_查询理解与语义检索增强,口语化/模糊检索,简单,失效模式“输出不受控制”对应的潜在失效后果是什么？,安全事故,安全事故,正确,1.0,433.02,语义RAG,0.3333,1.0,0,,3,,,,,,安全事故,,,11,
242,242,Full-ΣMi残差模型,M1+M2+M3+M4,风险影响评估类,rpn_mode,,M3_查询理解与语义检索增强,口语化/模糊检索,简单,失效模式“输出不受控制”的RPN是多少？,RPN=180.0,180,正确,1.0,295.93,语义RAG,0.3333,1.0,0,,3,,,180.0,,,,180.0,RPN,11,
243,243,Full-ΣMi残差模型,M1+M2+M3+M4,故障措施推荐类,action_mode,,M3_查询理解与语义检索增强,口语化/模糊检索,简单,失效模式“输出不受控制”对应的建议措施是什么？,更换损坏器件,更换损坏器件,正确,1.0,291.44,语义RAG,0.3333,1.0,0,,3,,,,,,更换损坏器件,,RecommendedAction,11,
244,244,Full-ΣMi残差模型,M1+M2+M3+M4,故障原因诊断类,cause_colloquial,,M3_查询理解与语义检索增强,口语化/模糊检索,中等,在项目/功能“高压箱”里，失效模式“输出不受控制”这个问题，原因讲白一点是什么？,元器件损坏,元器件损坏,正确,1.0,807.7,语义RAG,1.0,1.0,0,,3,,,,,,元器件损坏,,,11,
245,245,Full-ΣMi残差模型,M1+M2+M3+M4,风险影响评估类,effect_colloquial,,M3_查询理解与语义检索增强,口语化/模糊检索,中等,在项目/功能“高压箱”里，失效模式“输出不受控制”最后会带来什么后果？,安全事故,安全事故,正确,1.0,475.75,语义RAG,1.0,1.0,0,,3,,,,,,安全事故,,,11,
246,246,Full-ΣMi残差模型,M1+M2+M3+M4,故障措施推荐类,action_colloquial,,M3_查询理解与语义检索增强,口语化/模糊检索,中等,在项目/功能“高压箱”里，失效模式“输出不受控制”一般怎么处理？,更换损坏器件,建议措施=更换损坏器件.,正确,1.0,516.25,语义RAG,1.0,1.0,0,,3,,,,,,更换损坏器件,,,11,
247,247,Full-ΣMi残差模型,M1+M2+M3+M4,风险影响评估类,risk_colloquial,,M3_查询理解与语义检索增强,口语化/模糊检索,中等,在项目/功能“高压箱”里，失效模式“输出不受控制”的风险最后会体现成什么？,安全事故,后果: 安全事故,正确,1.0,494.22,语义RAG,1.0,1.0,0,,3,,,,,,安全事故,,,11,
248,248,Full-ΣMi残差模型,M1+M2+M3+M4,故障原因诊断类,cause_bool,,M4_证据裁决,证据裁决,简单,FMEA编号“LFP012”对应的原因是否就是“元器件损坏”？,是,是的，FMEA编号“LFP012”对应的原因就是“元器件损坏”。,正确,1.0,561.92,语义RAG,0.6667,0.6667,0,,3,,,,,,,,是/否判断,11,
249,249,Full-ΣMi残差模型,M1+M2+M3+M4,风险影响评估类,risk_bool,,M4_证据裁决,证据裁决,简单,FMEA编号“LFP012”对应的后果是否就是“安全事故”？,是,否，FMEA编号“LFP012”对应的后果是“影响电池寿命或永久性损坏”。,错误,0.0,948.75,语义RAG,1.0,1.0,0,,3,是/否判断,,,,,,,是/否判断,11,
250,250,Full-ΣMi残差模型,M1+M2+M3+M4,风险影响评估类,mode_project_bool,,M4_证据裁决,证据裁决,简单,失效模式“输出不受控制”是不是出现在项目/功能“高压箱”里？,是,不是。失效模式“输出不受控制”出现在项目/功能“高压箱”，但具体编号为LFP012，而并非直接描述该失效模式是否在高压箱中发生。,错误,0.0,1119.16,语义RAG,1.0,1.0,0,,3,是/否判断,,,,,,,是/否判断,11,
251,251,Full-ΣMi残差模型,M1+M2+M3+M4,风险影响评估类,risk_mode_code,,M3_查询理解与语义检索增强,口语化/模糊检索,简单,失效模式“输出不受控制”对应的FMEA编号是什么？,LFP012,LFP012,正确,1.0,471.89,语义RAG,0.3333,1.0,0,,3,,,12.0,,,LFP012,,FmeaID,11,
252,252,Full-ΣMi残差模型,M1+M2+M3+M4,风险影响评估类,risk_mode_project,,M3_查询理解与语义检索增强,口语化/模糊检索,简单,在项目/功能“高压箱”里，失效模式“输出不受控制”的后果是什么？,安全事故,安全事故,正确,1.0,794.04,语义RAG,1.0,1.0,0,,3,,,,,,安全事故,,,11,
253,253,Full-ΣMi残差模型,M1+M2+M3+M4,故障原因诊断类,cause_code,,M1_编号直答,CSV直答,简单,FMEA编号“LFP013”这条的潜在失效原因/机理是什么？,无有效保护措施,无有效保护措施。,正确,1.0,446.8,语义RAG,0.3333,1.0,0,,3,,,,,,无有效保护措施,,,12,
254,254,Full-ΣMi残差模型,M1+M2+M3+M4,风险影响评估类,effect_code,,M1_编号直答,CSV直答,简单,FMEA编号“LFP013”这条的潜在失效后果是什么？,安全事故,不知道。,错误,0.0,467.69,语义RAG,0.0,1.0,0,,3,安全事故,,,,,安全事故,,,12,
255,255,Full-ΣMi残差模型,M1+M2+M3+M4,风险影响评估类,rpn_code,,M1_编号直答,CSV直答,简单,FMEA编号“LFP013”这条的RPN是多少？,RPN=120.0,不知道。,错误,0.0,281.75,语义RAG,0.0,0.0,0,,3,,120.0,,,,,120.0,RPN,12,
256,256,Full-ΣMi残差模型,M1+M2+M3+M4,风险影响评估类,s_code,,M1_编号直答,CSV直答,简单,FMEA编号“LFP013”这条的S是多少？,S=10.0,不知道。,错误,0.0,315.11,语义RAG,0.0,0.0,0,,3,,10.0,,,,,10.0,S,12,
257,257,Full-ΣMi残差模型,M1+M2+M3+M4,风险影响评估类,o_code,,M1_编号直答,CSV直答,简单,FMEA编号“LFP013”这条的O是多少？,O=2.0,不知道。,错误,0.0,273.49,语义RAG,0.0,1.0,0,,3,,2.0,,,,,2.0,O,12,
258,258,Full-ΣMi残差模型,M1+M2+M3+M4,风险影响评估类,d_code,,M1_编号直答,CSV直答,简单,FMEA编号“LFP013”这条的D是多少？,D=6.0,不知道。,错误,0.0,326.72,语义RAG,0.0,0.0,0,,3,,6.0,,,,,6.0,D,12,
259,259,Full-ΣMi残差模型,M1+M2+M3+M4,故障原因诊断类,cause_mode,,M3_查询理解与语义检索增强,口语化/模糊检索,简单,失效模式“高压带电”对应的潜在失效原因/机理是什么？,无有效保护措施,无有效保护措施,正确,1.0,804.38,语义RAG,1.0,1.0,0,,3,,,,,,无有效保护措施,,,12,
260,260,Full-ΣMi残差模型,M1+M2+M3+M4,风险影响评估类,effect_mode,,M3_查询理解与语义检索增强,口语化/模糊检索,简单,失效模式“高压带电”对应的潜在失效后果是什么？,安全事故,安全事故,正确,1.0,269.76,语义RAG,1.0,1.0,0,,3,,,,,,安全事故,,,12,
261,261,Full-ΣMi残差模型,M1+M2+M3+M4,风险影响评估类,rpn_mode,,M3_查询理解与语义检索增强,口语化/模糊检索,简单,失效模式“高压带电”的RPN是多少？,RPN=120.0,120,正确,1.0,461.52,语义RAG,1.0,1.0,0,,3,,,120.0,,,,120.0,RPN,12,
262,262,Full-ΣMi残差模型,M1+M2+M3+M4,故障原因诊断类,cause_colloquial,,M3_查询理解与语义检索增强,口语化/模糊检索,中等,在项目/功能“高压箱”里，失效模式“高压带电”这个问题，原因讲白一点是什么？,无有效保护措施,无有效保护措施。,正确,1.0,494.47,语义RAG,0.6667,1.0,0,,3,,,,,,无有效保护措施,,,12,
263,263,Full-ΣMi残差模型,M1+M2+M3+M4,风险影响评估类,effect_colloquial,,M3_查询理解与语义检索增强,口语化/模糊检索,中等,在项目/功能“高压箱”里，失效模式“高压带电”最后会带来什么后果？,安全事故,安全事故,正确,1.0,335.45,语义RAG,1.0,1.0,0,,3,,,,,,安全事故,,,12,
264,264,Full-ΣMi残差模型,M1+M2+M3+M4,风险影响评估类,risk_colloquial,,M3_查询理解与语义检索增强,口语化/模糊检索,中等,在项目/功能“高压箱”里，失效模式“高压带电”的风险最后会体现成什么？,安全事故,后果 / FailureEffect: 安全事故,正确,1.0,352.76,语义RAG,1.0,1.0,0,,3,,,,,,安全事故,,,12,
265,265,Full-ΣMi残差模型,M1+M2+M3+M4,故障原因诊断类,cause_bool,,M4_证据裁决,证据裁决,简单,FMEA编号“LFP013”对应的原因是否就是“无有效保护措施”？,是,是。,正确,1.0,465.07,语义RAG,0.3333,0.3333,0,,3,,,,,,,,是/否判断,12,
266,266,Full-ΣMi残差模型,M1+M2+M3+M4,风险影响评估类,risk_bool,,M4_证据裁决,证据裁决,简单,FMEA编号“LFP013”对应的后果是否就是“安全事故”？,是,是的，FMEA编号“LFP013”对应的后果就是“安全事故”。,正确,1.0,860.21,语义RAG,1.0,1.0,0,,3,,,,,,,,是/否判断,12,
267,267,Full-ΣMi残差模型,M1+M2+M3+M4,风险影响评估类,mode_project_bool,,M4_证据裁决,证据裁决,简单,失效模式“高压带电”是不是出现在项目/功能“高压箱”里？,是,是的，失效模式“高压带电”出现在项目/功能“高压箱”里。,正确,1.0,954.19,语义RAG,1.0,1.0,0,,3,,,,,,,,是/否判断,12,
268,268,Full-ΣMi残差模型,M1+M2+M3+M4,风险影响评估类,risk_mode_code,,M3_查询理解与语义检索增强,口语化/模糊检索,简单,失效模式“高压带电”对应的FMEA编号是什么？,LFP013,LFP013,正确,1.0,453.26,语义RAG,1.0,1.0,0,,3,,,13.0,,,LFP013,,FmeaID,12,
269,269,Full-ΣMi残差模型,M1+M2+M3+M4,风险影响评估类,risk_mode_project,,M3_查询理解与语义检索增强,口语化/模糊检索,简单,在项目/功能“高压箱”里，失效模式“高压带电”的后果是什么？,安全事故,安全事故,正确,1.0,445.91,语义RAG,1.0,1.0,0,,3,,,,,,安全事故,,,12,
270,270,Full-ΣMi残差模型,M1+M2+M3+M4,故障原因诊断类,cause_code,,M1_编号直答,CSV直答,简单,FMEA编号“LFP014”这条的潜在失效原因/机理是什么？,负载未断开、违规操作,负载未断开、违规操作。,正确,1.0,417.16,语义RAG,0.3333,1.0,0,,3,,,,,,负载未断开、违规操作,,,13,
271,271,Full-ΣMi残差模型,M1+M2+M3+M4,风险影响评估类,effect_code,,M1_编号直答,CSV直答,简单,FMEA编号“LFP014”这条的潜在失效后果是什么？,安全事故,不知道。,错误,0.0,465.97,语义RAG,0.0,1.0,0,,3,安全事故,,,,,安全事故,,,13,
272,272,Full-ΣMi残差模型,M1+M2+M3+M4,风险影响评估类,rpn_code,,M1_编号直答,CSV直答,简单,FMEA编号“LFP014”这条的RPN是多少？,RPN=90.0,不知道。,错误,0.0,284.29,语义RAG,0.0,0.0,0,,3,,90.0,,,,,90.0,RPN,13,
273,273,Full-ΣMi残差模型,M1+M2+M3+M4,风险影响评估类,s_code,,M1_编号直答,CSV直答,简单,FMEA编号“LFP014”这条的S是多少？,S=9.0,不知道。,错误,0.0,289.74,语义RAG,0.0,1.0,0,,3,,9.0,,,,,9.0,S,13,
274,274,Full-ΣMi残差模型,M1+M2+M3+M4,风险影响评估类,o_code,,M1_编号直答,CSV直答,简单,FMEA编号“LFP014”这条的O是多少？,O=2.0,不知道。,错误,0.0,311.94,语义RAG,0.0,1.0,0,,3,,2.0,,,,,2.0,O,13,
275,275,Full-ΣMi残差模型,M1+M2+M3+M4,风险影响评估类,d_code,,M1_编号直答,CSV直答,简单,FMEA编号“LFP014”这条的D是多少？,D=5.0,不知道。,错误,0.0,304.65,语义RAG,0.0,1.0,0,,3,,5.0,,,,,5.0,D,13,
276,276,Full-ΣMi残差模型,M1+M2+M3+M4,故障原因诊断类,cause_mode,,M3_查询理解与语义检索增强,口语化/模糊检索,简单,失效模式“在负载连接的情况下意外开盖”对应的潜在失效原因/机理是什么？,负载未断开、违规操作,负载未断开、违规操作,正确,1.0,793.33,语义RAG,0.6667,1.0,0,,3,,,,,,负载未断开、违规操作,,,13,
277,277,Full-ΣMi残差模型,M1+M2+M3+M4,风险影响评估类,effect_mode,,M3_查询理解与语义检索增强,口语化/模糊检索,简单,失效模式“在负载连接的情况下意外开盖”对应的潜在失效后果是什么？,安全事故,安全事故,正确,1.0,403.18,语义RAG,0.3333,1.0,0,,3,,,,,,安全事故,,,13,
278,278,Full-ΣMi残差模型,M1+M2+M3+M4,风险影响评估类,rpn_mode,,M3_查询理解与语义检索增强,口语化/模糊检索,简单,失效模式“在负载连接的情况下意外开盖”的RPN是多少？,RPN=90.0,90,正确,1.0,313.89,语义RAG,0.3333,1.0,0,,3,,,90.0,,,,90.0,RPN,13,
279,279,Full-ΣMi残差模型,M1+M2+M3+M4,故障原因诊断类,cause_colloquial,,M3_查询理解与语义检索增强,口语化/模糊检索,中等,在项目/功能“高压箱”里，失效模式“在负载连接的情况下意外开盖”这个问题，原因讲白一点是什么？,负载未断开、违规操作,负载未断开、违规操作,正确,1.0,551.87,语义RAG,0.6667,1.0,0,,3,,,,,,负载未断开、违规操作,,,13,
280,280,Full-ΣMi残差模型,M1+M2+M3+M4,风险影响评估类,effect_colloquial,,M3_查询理解与语义检索增强,口语化/模糊检索,中等,在项目/功能“高压箱”里，失效模式“在负载连接的情况下意外开盖”最后会带来什么后果？,安全事故,安全事故,正确,1.0,334.45,语义RAG,1.0,1.0,0,,3,,,,,,安全事故,,,13,
281,281,Full-ΣMi残差模型,M1+M2+M3+M4,风险影响评估类,risk_colloquial,,M3_查询理解与语义检索增强,口语化/模糊检索,中等,在项目/功能“高压箱”里，失效模式“在负载连接的情况下意外开盖”的风险最后会体现成什么？,安全事故,后果: 安全事故,正确,1.0,373.82,语义RAG,1.0,1.0,0,,3,,,,,,安全事故,,,13,
282,282,Full-ΣMi残差模型,M1+M2+M3+M4,故障原因诊断类,cause_bool,,M4_证据裁决,证据裁决,简单,FMEA编号“LFP014”对应的原因是否就是“负载未断开、违规操作”？,是,是的，失效原因 / FailureCause 为 “负载未断开、违规操作”。,正确,1.0,566.98,语义RAG,0.3333,0.3333,0,,3,,,,,,,,是/否判断,13,
283,283,Full-ΣMi残差模型,M1+M2+M3+M4,风险影响评估类,risk_bool,,M4_证据裁决,证据裁决,简单,FMEA编号“LFP014”对应的后果是否就是“安全事故”？,是,是的，FMEA编号“LFP014”对应的后果就是“安全事故”。,正确,1.0,846.9,语义RAG,1.0,1.0,0,,3,,,,,,,,是/否判断,13,
284,284,Full-ΣMi残差模型,M1+M2+M3+M4,风险影响评估类,mode_project_bool,,M4_证据裁决,证据裁决,简单,失效模式“在负载连接的情况下意外开盖”是不是出现在项目/功能“高压箱”里？,是,是的，失效模式“在负载连接的情况下意外开盖”出现在项目/功能“高压箱”里。,正确,1.0,1003.05,语义RAG,1.0,1.0,0,,3,,,,,,,,是/否判断,13,
285,285,Full-ΣMi残差模型,M1+M2+M3+M4,风险影响评估类,risk_mode_code,,M3_查询理解与语义检索增强,口语化/模糊检索,简单,失效模式“在负载连接的情况下意外开盖”对应的FMEA编号是什么？,LFP014,LFP014,正确,1.0,458.22,语义RAG,0.3333,1.0,0,,3,,,14.0,,,LFP014,,FmeaID,13,
286,286,Full-ΣMi残差模型,M1+M2+M3+M4,风险影响评估类,risk_mode_project,,M3_查询理解与语义检索增强,口语化/模糊检索,简单,在项目/功能“高压箱”里，失效模式“在负载连接的情况下意外开盖”的后果是什么？,安全事故,安全事故,正确,1.0,480.47,语义RAG,1.0,1.0,0,,3,,,,,,安全事故,,,13,
287,287,Full-ΣMi残差模型,M1+M2+M3+M4,故障原因诊断类,cause_code,,M1_编号直答,CSV直答,简单,FMEA编号“LFP015”这条的潜在失效原因/机理是什么？,充电时继电器未断开,负载时继电器未断开。,错误,0.0,484.67,语义RAG,0.3333,1.0,0,,3,充电时继电器未断开,,,,,充电时继电器未断开,,,14,
288,288,Full-ΣMi残差模型,M1+M2+M3+M4,风险影响评估类,effect_code,,M1_编号直答,CSV直答,简单,FMEA编号“LFP015”这条的潜在失效后果是什么？,安全事故,不知道。,错误,0.0,441.03,语义RAG,0.0,1.0,0,,3,安全事故,,,,,安全事故,,,14,
289,289,Full-ΣMi残差模型,M1+M2+M3+M4,风险影响评估类,rpn_code,,M1_编号直答,CSV直答,简单,FMEA编号“LFP015”这条的RPN是多少？,RPN=90.0,不知道。,错误,0.0,279.29,语义RAG,0.0,0.0,0,,3,,90.0,,,,,90.0,RPN,14,
290,290,Full-ΣMi残差模型,M1+M2+M3+M4,风险影响评估类,s_code,,M1_编号直答,CSV直答,简单,FMEA编号“LFP015”这条的S是多少？,S=9.0,不知道。,错误,0.0,283.29,语义RAG,0.0,1.0,0,,3,,9.0,,,,,9.0,S,14,
291,291,Full-ΣMi残差模型,M1+M2+M3+M4,风险影响评估类,o_code,,M1_编号直答,CSV直答,简单,FMEA编号“LFP015”这条的O是多少？,O=2.0,不知道。,错误,0.0,311.81,语义RAG,0.0,1.0,0,,3,,2.0,,,,,2.0,O,14,
292,292,Full-ΣMi残差模型,M1+M2+M3+M4,风险影响评估类,d_code,,M1_编号直答,CSV直答,简单,FMEA编号“LFP015”这条的D是多少？,D=5.0,不知道。,错误,0.0,241.15,语义RAG,0.0,1.0,0,,3,,5.0,,,,,5.0,D,14,
293,293,Full-ΣMi残差模型,M1+M2+M3+M4,故障原因诊断类,cause_mode,,M3_查询理解与语义检索增强,口语化/模糊检索,简单,失效模式“充电时触电”对应的潜在失效原因/机理是什么？,充电时继电器未断开,充电时触电的潜在失效原因是：充电时继电器未断开。,正确,1.0,865.5,语义RAG,0.3333,1.0,0,,3,,,,,,充电时继电器未断开,,,14,
294,294,Full-ΣMi残差模型,M1+M2+M3+M4,风险影响评估类,effect_mode,,M3_查询理解与语义检索增强,口语化/模糊检索,简单,失效模式“充电时触电”对应的潜在失效后果是什么？,安全事故,你询问的失效模式“充电时触电”在提供的上下文中并没有出现，因此根据现有信息无法回答该问题。,错误,0.0,643.78,语义RAG,0.0,1.0,0,,3,安全事故,,,,,安全事故,,,14,
295,295,Full-ΣMi残差模型,M1+M2+M3+M4,风险影响评估类,rpn_mode,,M3_查询理解与语义检索增强,口语化/模糊检索,简单,失效模式“充电时触电”的RPN是多少？,RPN=90.0,不知道。,错误,0.0,259.34,语义RAG,0.0,0.0,0,,3,,90.0,,,,,90.0,RPN,14,
296,296,Full-ΣMi残差模型,M1+M2+M3+M4,故障原因诊断类,cause_colloquial,,M3_查询理解与语义检索增强,口语化/模糊检索,中等,在项目/功能“高压箱”里，失效模式“充电时触电”这个问题，原因讲白一点是什么？,充电时继电器未断开,原因是充电时继电器未断开。,正确,1.0,881.88,语义RAG,0.6667,1.0,0,,3,,,,,,充电时继电器未断开,,,14,
297,297,Full-ΣMi残差模型,M1+M2+M3+M4,风险影响评估类,effect_colloquial,,M3_查询理解与语义检索增强,口语化/模糊检索,中等,在项目/功能“高压箱”里，失效模式“充电时触电”最后会带来什么后果？,安全事故,安全事故,正确,1.0,498.42,语义RAG,1.0,1.0,0,,3,,,,,,安全事故,,,14,
298,298,Full-ΣMi残差模型,M1+M2+M3+M4,风险影响评估类,risk_colloquial,,M3_查询理解与语义检索增强,口语化/模糊检索,中等,在项目/功能“高压箱”里，失效模式“充电时触电”的风险最后会体现成什么？,安全事故,后果 / FailureEffect: 安全事故,正确,1.0,531.29,语义RAG,1.0,1.0,0,,3,,,,,,安全事故,,,14,
299,299,Full-ΣMi残差模型,M1+M2+M3+M4,故障原因诊断类,cause_bool,,M4_证据裁决,证据裁决,简单,FMEA编号“LFP015”对应的原因是否就是“充电时继电器未断开”？,是,是的，失效原因 / FailureCause 为 “充电时继电器未断开”。,正确,1.0,584.36,语义RAG,0.3333,0.3333,0,,3,,,,,,,,是/否判断,14,
300,300,Full-ΣMi残差模型,M1+M2+M3+M4,风险影响评估类,risk_bool,,M4_证据裁决,证据裁决,简单,FMEA编号“LFP015”对应的后果是否就是“安全事故”？,是,是的，FMEA编号“LFP015”对应的后果就是“安全事故”。,正确,1.0,898.52,语义RAG,1.0,1.0,0,,3,,,,,,,,是/否判断,14,
301,301,Full-ΣMi残差模型,M1+M2+M3+M4,风险影响评估类,mode_project_bool,,M4_证据裁决,证据裁决,简单,失效模式“充电时触电”是不是出现在项目/功能“高压箱”里？,是,是的，失效模式“充电时触电”出现在项目/功能“高压箱”里。,正确,1.0,932.52,语义RAG,1.0,1.0,0,,3,,,,,,,,是/否判断,14,
302,302,Full-ΣMi残差模型,M1+M2+M3+M4,风险影响评估类,risk_mode_code,,M3_查询理解与语义检索增强,口语化/模糊检索,简单,失效模式“充电时触电”对应的FMEA编号是什么？,LFP015,不知道。,错误,0.0,473.02,语义RAG,0.0,0.0,0,,3,LFP015,,,,,LFP015,,FmeaID,14,
303,303,Full-ΣMi残差模型,M1+M2+M3+M4,风险影响评估类,risk_mode_project,,M3_查询理解与语义检索增强,口语化/模糊检索,简单,在项目/功能“高压箱”里，失效模式“充电时触电”的后果是什么？,安全事故,安全事故,正确,1.0,794.4,语义RAG,1.0,1.0,0,,3,,,,,,安全事故,,,14,
304,304,Full-ΣMi残差模型,M1+M2+M3+M4,风险影响评估类,project_avg_rpn,,M2_规则推理,规则推理,中等,项目/功能“热管理系统”的平均RPN是多少？,平均RPN=128.33,根据上下文，项目/功能“热管理系统”的最高RPN为168（由FMEA编号LFP017和LFP016的失效模式引起），但没有直接给出其平均RPN。因此，基于提供的信息，无法确定“热管理系统”的平均RPN是多少。,错误,0.0,1274.97,语义RAG,0.3333,0.0,0,,3,,128.33333333333334,,,,,128.33333333333334,RPN,15,
305,305,Full-ΣMi残差模型,M1+M2+M3+M4,风险影响评估类,project_top_mode,,M2_规则推理,规则推理,中等,项目/功能“热管理系统”里RPN最高的失效模式是什么？,电池组整体温度过高；RPN=168.0,电池组整体温度过高,错误,0.5,767.84,语义RAG,0.3333,1.0,0,,3,,168.0,,,,电池组整体温度过高,168.0,FailureMode；RPN,15,
306,306,Full-ΣMi残差模型,M1+M2+M3+M4,风险影响评估类,project_top_effect,,M2_规则推理,规则推理,中等,项目/功能“热管理系统”里RPN最高的那条，它的后果是什么？,影响电池工作,影响电池工作,正确,1.0,303.61,语义RAG,0.3333,1.0,0,1.0,3,,,,,,影响电池工作,,FailureEffect,15,
307,307,Full-ΣMi残差模型,M1+M2+M3+M4,故障原因诊断类,cause_code,,M1_编号直答,CSV直答,简单,FMEA编号“LFP016”这条的潜在失效原因/机理是什么？,风道设计不合理,风道设计不合理,正确,1.0,438.6,语义RAG,0.3333,1.0,0,,3,,,,,,风道设计不合理,,,15,
308,308,Full-ΣMi残差模型,M1+M2+M3+M4,风险影响评估类,effect_code,,M1_编号直答,CSV直答,简单,FMEA编号“LFP016”这条的潜在失效后果是什么？,影响电池工作,不知道。,错误,0.0,445.78,语义RAG,0.0,1.0,0,,3,影响电池工作,,,,,影响电池工作,,,15,
309,309,Full-ΣMi残差模型,M1+M2+M3+M4,风险影响评估类,rpn_code,,M1_编号直答,CSV直答,简单,FMEA编号“LFP016”这条的RPN是多少？,RPN=168.0,不知道。,错误,0.0,263.86,语义RAG,0.0,0.0,0,,3,,168.0,,,,,168.0,RPN,15,
310,310,Full-ΣMi残差模型,M1+M2+M3+M4,风险影响评估类,s_code,,M1_编号直答,CSV直答,简单,FMEA编号“LFP016”这条的S是多少？,S=6.0,不知道。,错误,0.0,287.64,语义RAG,0.0,0.0,0,,3,,6.0,,,,,6.0,S,15,
311,311,Full-ΣMi残差模型,M1+M2+M3+M4,风险影响评估类,o_code,,M1_编号直答,CSV直答,简单,FMEA编号“LFP016”这条的O是多少？,O=4.0,不知道。,错误,0.0,302.43,语义RAG,0.0,1.0,0,,3,,4.0,,,,,4.0,O,15,
312,312,Full-ΣMi残差模型,M1+M2+M3+M4,风险影响评估类,d_code,,M1_编号直答,CSV直答,简单,FMEA编号“LFP016”这条的D是多少？,D=7.0,不知道。,错误,0.0,260.45,语义RAG,0.0,1.0,0,,3,,7.0,,,,,7.0,D,15,
313,313,Full-ΣMi残差模型,M1+M2+M3+M4,故障措施推荐类,action_code,,M1_编号直答,CSV直答,简单,FMEA编号“LFP016”这条的建议措施是什么？,增加散热,不知道。,错误,0.0,281.61,语义RAG,0.0,0.0,0,,3,增加散热,,,,,增加散热,,RecommendedAction,15,
314,314,Full-ΣMi残差模型,M1+M2+M3+M4,故障原因诊断类,cause_mode,,M3_查询理解与语义检索增强,口语化/模糊检索,简单,失效模式“电池组整体温度过高”对应的潜在失效原因/机理是什么？,风道设计不合理,失效模式“电池组整体温度过高”的潜在失效原因是：风道设计不合理。,正确,1.0,935.62,语义RAG,0.3333,1.0,0,,3,,,,,,风道设计不合理,,,15,
315,315,Full-ΣMi残差模型,M1+M2+M3+M4,风险影响评估类,effect_mode,,M3_查询理解与语义检索增强,口语化/模糊检索,简单,失效模式“电池组整体温度过高”对应的潜在失效后果是什么？,影响电池工作,影响电池工作,正确,1.0,319.75,语义RAG,0.3333,1.0,0,,3,,,,,,影响电池工作,,,15,
316,316,Full-ΣMi残差模型,M1+M2+M3+M4,风险影响评估类,rpn_mode,,M3_查询理解与语义检索增强,口语化/模糊检索,简单,失效模式“电池组整体温度过高”的RPN是多少？,RPN=168.0,168,正确,1.0,314.37,语义RAG,0.3333,1.0,0,,3,,,168.0,,,,168.0,RPN,15,
317,317,Full-ΣMi残差模型,M1+M2+M3+M4,故障措施推荐类,action_mode,,M3_查询理解与语义检索增强,口语化/模糊检索,简单,失效模式“电池组整体温度过高”对应的建议措施是什么？,增加散热,增加散热.,正确,1.0,306.69,语义RAG,0.3333,1.0,0,,3,,,,,,增加散热,,RecommendedAction,15,
318,318,Full-ΣMi残差模型,M1+M2+M3+M4,故障原因诊断类,cause_colloquial,,M3_查询理解与语义检索增强,口语化/模糊检索,中等,在项目/功能“热管理系统”里，失效模式“电池组整体温度过高”这个问题，原因讲白一点是什么？,风道设计不合理,原因=风道设计不合理;,正确,1.0,434.22,语义RAG,0.3333,1.0,0,,3,,,,,,风道设计不合理,,,15,
319,319,Full-ΣMi残差模型,M1+M2+M3+M4,风险影响评估类,effect_colloquial,,M3_查询理解与语义检索增强,口语化/模糊检索,中等,在项目/功能“热管理系统”里，失效模式“电池组整体温度过高”最后会带来什么后果？,影响电池工作,后果=影响电池工作,正确,1.0,499.73,语义RAG,0.3333,1.0,0,,3,,,,,,影响电池工作,,,15,
320,320,Full-ΣMi残差模型,M1+M2+M3+M4,故障措施推荐类,action_colloquial,,M3_查询理解与语义检索增强,口语化/模糊检索,中等,在项目/功能“热管理系统”里，失效模式“电池组整体温度过高”一般怎么处理？,增加散热,建议措施=增加散热.,正确,1.0,488.54,语义RAG,0.3333,1.0,0,,3,,,,,,增加散热,,,15,
321,321,Full-ΣMi残差模型,M1+M2+M3+M4,风险影响评估类,risk_colloquial,,M3_查询理解与语义检索增强,口语化/模糊检索,中等,在项目/功能“热管理系统”里，失效模式“电池组整体温度过高”的风险最后会体现成什么？,影响电池工作,后果=影响电池工作,正确,1.0,328.38,语义RAG,0.3333,1.0,0,,3,,,,,,影响电池工作,,,15,
322,322,Full-ΣMi残差模型,M1+M2+M3+M4,故障原因诊断类,cause_bool,,M4_证据裁决,证据裁决,简单,FMEA编号“LFP016”对应的原因是否就是“风道设计不合理”？,是,是的，FMEA编号“LFP016”对应的原因就是“风道设计不合理”。,正确,1.0,582.8,语义RAG,0.6667,0.6667,0,,3,,,,,,,,是/否判断,15,
323,323,Full-ΣMi残差模型,M1+M2+M3+M4,风险影响评估类,risk_bool,,M4_证据裁决,证据裁决,简单,FMEA编号“LFP016”对应的后果是否就是“影响电池工作”？,是,不是。FMEA编号“LFP016”对应的后果并不是“影响电池工作”。根据提供的上下文，编号为“LFP020”的热管理系统相关失效模式的后果是“影响电池工作”，而编号为“LFP011”的高压箱相关失效模式的后果是“安全事故”。编号为“LFP016”的信息并未在给定的上下文中出现。,错误,0.0,1144.09,语义RAG,0.3333,0.3333,0,,3,是/否判断,,,,,,,是/否判断,15,
324,324,Full-ΣMi残差模型,M1+M2+M3+M4,风险影响评估类,mode_project_bool,,M4_证据裁决,证据裁决,简单,失效模式“电池组整体温度过高”是不是出现在项目/功能“热管理系统”里？,是,是的，失效模式“电池组整体温度过高”出现在项目/功能“热管理系统”里。,正确,1.0,947.93,语义RAG,0.3333,0.3333,0,,3,,,,,,,,是/否判断,15,
325,325,Full-ΣMi残差模型,M1+M2+M3+M4,风险影响评估类,risk_mode_code,,M3_查询理解与语义检索增强,口语化/模糊检索,简单,失效模式“电池组整体温度过高”对应的FMEA编号是什么？,LFP016,LFP016,正确,1.0,284.21,语义RAG,0.3333,1.0,0,,3,,,16.0,,,LFP016,,FmeaID,15,
326,326,Full-ΣMi残差模型,M1+M2+M3+M4,风险影响评估类,risk_mode_project,,M3_查询理解与语义检索增强,口语化/模糊检索,简单,在项目/功能“热管理系统”里，失效模式“电池组整体温度过高”的后果是什么？,影响电池工作,后果=影响电池工作,正确,1.0,351.78,语义RAG,0.3333,1.0,0,,3,,,,,,影响电池工作,,,15,
327,327,Full-ΣMi残差模型,M1+M2+M3+M4,故障原因诊断类,cause_code,,M1_编号直答,CSV直答,简单,FMEA编号“LFP017”这条的潜在失效原因/机理是什么？,加热系统未工作或设计达不到要求,潜在失效原因/机理是：加热系统未工作或设计达不到要求。,正确,1.0,577.25,语义RAG,0.3333,1.0,0,,3,,,,,,加热系统未工作或设计达不到要求,,,16,
328,328,Full-ΣMi残差模型,M1+M2+M3+M4,风险影响评估类,effect_code,,M1_编号直答,CSV直答,简单,FMEA编号“LFP017”这条的潜在失效后果是什么？,影响电池工作,不知道。,错误,0.0,428.2,语义RAG,0.0,1.0,0,,3,影响电池工作,,,,,影响电池工作,,,16,
329,329,Full-ΣMi残差模型,M1+M2+M3+M4,风险影响评估类,rpn_code,,M1_编号直答,CSV直答,简单,FMEA编号“LFP017”这条的RPN是多少？,RPN=168.0,不知道。,错误,0.0,283.95,语义RAG,0.0,0.0,0,,3,,168.0,,,,,168.0,RPN,16,
330,330,Full-ΣMi残差模型,M1+M2+M3+M4,风险影响评估类,s_code,,M1_编号直答,CSV直答,简单,FMEA编号“LFP017”这条的S是多少？,S=6.0,不知道。,错误,0.0,288.04,语义RAG,0.0,0.0,0,,3,,6.0,,,,,6.0,S,16,
331,331,Full-ΣMi残差模型,M1+M2+M3+M4,风险影响评估类,o_code,,M1_编号直答,CSV直答,简单,FMEA编号“LFP017”这条的O是多少？,O=4.0,不知道。,错误,0.0,279.32,语义RAG,0.0,1.0,0,,3,,4.0,,,,,4.0,O,16,
332,332,Full-ΣMi残差模型,M1+M2+M3+M4,风险影响评估类,d_code,,M1_编号直答,CSV直答,简单,FMEA编号“LFP017”这条的D是多少？,D=7.0,不知道。,错误,0.0,281.26,语义RAG,0.0,1.0,0,,3,,7.0,,,,,7.0,D,16,
333,333,Full-ΣMi残差模型,M1+M2+M3+M4,故障措施推荐类,action_code,,M1_编号直答,CSV直答,简单,FMEA编号“LFP017”这条的建议措施是什么？,更换加热系统,不知道。,错误,0.0,300.29,语义RAG,0.0,0.0,0,,3,更换加热系统,,,,,更换加热系统,,RecommendedAction,16,
334,334,Full-ΣMi残差模型,M1+M2+M3+M4,故障原因诊断类,cause_mode,,M3_查询理解与语义检索增强,口语化/模糊检索,简单,失效模式“电池组整体温度过低”对应的潜在失效原因/机理是什么？,加热系统未工作或设计达不到要求,失效模式“电池组整体温度过低”的潜在失效原因是加热系统未工作或设计达不到要求。,正确,1.0,940.58,语义RAG,0.3333,1.0,0,,3,,,,,,加热系统未工作或设计达不到要求,,,16,
335,335,Full-ΣMi残差模型,M1+M2+M3+M4,风险影响评估类,effect_mode,,M3_查询理解与语义检索增强,口语化/模糊检索,简单,失效模式“电池组整体温度过低”对应的潜在失效后果是什么？,影响电池工作,你提到的失效模式“电池组整体温度过低”在提供的上下文中并没有出现，因此我无法找到对应的信息。根据现有信息，没有关于“电池组整体温度过低”的失效模式及其后果。 答案：不知道。,错误,0.0,872.87,语义RAG,0.0,1.0,0,,3,影响电池工作,,,,,影响电池工作,,,16,
336,336,Full-ΣMi残差模型,M1+M2+M3+M4,风险影响评估类,rpn_mode,,M3_查询理解与语义检索增强,口语化/模糊检索,简单,失效模式“电池组整体温度过低”的RPN是多少？,RPN=168.0,不知道。,错误,0.0,295.21,语义RAG,0.0,0.0,0,,3,,168.0,,,,,168.0,RPN,16,
337,337,Full-ΣMi残差模型,M1+M2+M3+M4,故障措施推荐类,action_mode,,M3_查询理解与语义检索增强,口语化/模糊检索,简单,失效模式“电池组整体温度过低”对应的建议措施是什么？,更换加热系统,你提到的失效模式“电池组整体温度过低”在提供的上下文中并没有出现，因此我无法找到对应的建议措施。根据现有信息，没有关于“电池组整体温度过低”的失效模式及其建议措施。,错误,0.0,596.87,语义RAG,0.0,0.0,0,,3,更换加热系统,,,,,更换加热系统,,RecommendedAction,16,
338,338,Full-ΣMi残差模型,M1+M2+M3+M4,故障原因诊断类,cause_colloquial,,M3_查询理解与语义检索增强,口语化/模糊检索,中等,在项目/功能“热管理系统”里，失效模式“电池组整体温度过低”这个问题，原因讲白一点是什么？,加热系统未工作或设计达不到要求,原因是加热系统未工作或设计达不到要求。,正确,1.0,825.89,语义RAG,0.3333,1.0,0,,3,,,,,,加热系统未工作或设计达不到要求,,,16,
339,339,Full-ΣMi残差模型,M1+M2+M3+M4,风险影响评估类,effect_colloquial,,M3_查询理解与语义检索增强,口语化/模糊检索,中等,在项目/功能“热管理系统”里，失效模式“电池组整体温度过低”最后会带来什么后果？,影响电池工作,后果=影响电池工作,正确,1.0,491.54,语义RAG,0.3333,1.0,0,,3,,,,,,影响电池工作,,,16,
340,340,Full-ΣMi残差模型,M1+M2+M3+M4,故障措施推荐类,action_colloquial,,M3_查询理解与语义检索增强,口语化/模糊检索,中等,在项目/功能“热管理系统”里，失效模式“电池组整体温度过低”一般怎么处理？,更换加热系统,建议措施: 更换加热系统.,正确,1.0,475.75,语义RAG,0.3333,1.0,0,,3,,,,,,更换加热系统,,,16,
341,341,Full-ΣMi残差模型,M1+M2+M3+M4,风险影响评估类,risk_colloquial,,M3_查询理解与语义检索增强,口语化/模糊检索,中等,在项目/功能“热管理系统”里，失效模式“电池组整体温度过低”的风险最后会体现成什么？,影响电池工作,后果: 影响电池工作,正确,1.0,450.19,语义RAG,0.3333,1.0,0,,3,,,,,,影响电池工作,,,16,
342,342,Full-ΣMi残差模型,M1+M2+M3+M4,故障原因诊断类,cause_bool,,M4_证据裁决,证据裁决,简单,FMEA编号“LFP017”对应的原因是否就是“加热系统未工作或设计达不到要求”？,是,是的，FMEA编号“LFP017”对应的原因就是“加热系统未工作或设计达不到要求”。,正确,1.0,597.63,语义RAG,0.6667,0.6667,0,,3,,,,,,,,是/否判断,16,
343,343,Full-ΣMi残差模型,M1+M2+M3+M4,风险影响评估类,risk_bool,,M4_证据裁决,证据裁决,简单,FMEA编号“LFP017”对应的后果是否就是“影响电池工作”？,是,不是。FMEA编号“LFP017”对应的后果并不是“影响电池工作”。根据提供的上下文，编号为“LFP020”的热管理系统的失效模式的后果是“影响电池工作”，而编号为“LFP011”的高压箱的过电流失效模式的后果是“安全事故”，编号为“LFP001”的动力电池的现场电池组无输出电压的失效后果是“电池组无法工作”。,错误,0.0,1273.85,语义RAG,0.3333,0.3333,0,,3,是/否判断,,,,,,,是/否判断,16,
344,344,Full-ΣMi残差模型,M1+M2+M3+M4,风险影响评估类,mode_project_bool,,M4_证据裁决,证据裁决,简单,失效模式“电池组整体温度过低”是不是出现在项目/功能“热管理系统”里？,是,不是。失效模式“电池组整体温度过低”出现在项目/功能“热管理系统”。,错误,0.0,904.41,语义RAG,0.6667,0.6667,0,,3,是/否判断,,,,,,,是/否判断,16,
345,345,Full-ΣMi残差模型,M1+M2+M3+M4,风险影响评估类,risk_mode_code,,M3_查询理解与语义检索增强,口语化/模糊检索,简单,失效模式“电池组整体温度过低”对应的FMEA编号是什么？,LFP017,不知道。,错误,0.0,479.41,语义RAG,0.0,0.0,0,,3,LFP017,,,,,LFP017,,FmeaID,16,
346,346,Full-ΣMi残差模型,M1+M2+M3+M4,风险影响评估类,risk_mode_project,,M3_查询理解与语义检索增强,口语化/模糊检索,简单,在项目/功能“热管理系统”里，失效模式“电池组整体温度过低”的后果是什么？,影响电池工作,影响电池工作,正确,1.0,806.94,语义RAG,0.3333,1.0,0,,3,,,,,,影响电池工作,,,16,
347,347,Full-ΣMi残差模型,M1+M2+M3+M4,故障原因诊断类,cause_code,,M1_编号直答,CSV直答,简单,FMEA编号“LFP018”这条的潜在失效原因/机理是什么？,风扇固定不牢靠或功率过高,失效原因是风扇固定不牢靠或功率过高。,正确,1.0,471.57,语义RAG,0.3333,1.0,0,,3,,,,,,风扇固定不牢靠或功率过高,,,17,
348,348,Full-ΣMi残差模型,M1+M2+M3+M4,风险影响评估类,effect_code,,M1_编号直答,CSV直答,简单,FMEA编号“LFP018”这条的潜在失效后果是什么？,影响乘车环境,不知道。,错误,0.0,452.79,语义RAG,0.0,0.0,0,,3,影响乘车环境,,,,,影响乘车环境,,,17,
349,349,Full-ΣMi残差模型,M1+M2+M3+M4,风险影响评估类,rpn_code,,M1_编号直答,CSV直答,简单,FMEA编号“LFP018”这条的RPN是多少？,RPN=120.0,不知道。,错误,0.0,289.36,语义RAG,0.0,0.0,0,,3,,120.0,,,,,120.0,RPN,17,
350,350,Full-ΣMi残差模型,M1+M2+M3+M4,风险影响评估类,s_code,,M1_编号直答,CSV直答,简单,FMEA编号“LFP018”这条的S是多少？,S=3.0,不知道。,错误,0.0,268.78,语义RAG,0.0,1.0,0,,3,,3.0,,,,,3.0,S,17,
351,351,Full-ΣMi残差模型,M1+M2+M3+M4,风险影响评估类,o_code,,M1_编号直答,CSV直答,简单,FMEA编号“LFP018”这条的O是多少？,O=5.0,这个问题中没有出现FMEA编号“LFP018”的记录，根据提供的上下文信息，没有找到对应的O值。,错误,0.0,491.44,语义RAG,0.0,1.0,0,,3,,5.0,,,,,5.0,O,17,
352,352,Full-ΣMi残差模型,M1+M2+M3+M4,风险影响评估类,d_code,,M1_编号直答,CSV直答,简单,FMEA编号“LFP018”这条的D是多少？,D=8.0,不知道。,错误,0.0,276.11,语义RAG,0.0,0.0,0,,3,,8.0,,,,,8.0,D,17,
353,353,Full-ΣMi残差模型,M1+M2+M3+M4,故障措施推荐类,action_code,,M1_编号直答,CSV直答,简单,FMEA编号“LFP018”这条的建议措施是什么？,更换风扇,不知道。,错误,0.0,281.82,语义RAG,0.0,0.0,0,,3,更换风扇,,,,,更换风扇,,RecommendedAction,17,
354,354,Full-ΣMi残差模型,M1+M2+M3+M4,故障原因诊断类,cause_mode,,M3_查询理解与语义检索增强,口语化/模糊检索,简单,失效模式“噪音过大”对应的潜在失效原因/机理是什么？,风扇固定不牢靠或功率过高,风扇固定不牢靠或功率过高。,正确,1.0,832.71,语义RAG,0.3333,1.0,0,,3,,,,,,风扇固定不牢靠或功率过高,,,17,
355,355,Full-ΣMi残差模型,M1+M2+M3+M4,风险影响评估类,effect_mode,,M3_查询理解与语义检索增强,口语化/模糊检索,简单,失效模式“噪音过大”对应的潜在失效后果是什么？,影响乘车环境,影响乘车环境,正确,1.0,408.44,语义RAG,0.6667,1.0,0,,3,,,,,,影响乘车环境,,,17,
356,356,Full-ΣMi残差模型,M1+M2+M3+M4,风险影响评估类,rpn_mode,,M3_查询理解与语义检索增强,口语化/模糊检索,简单,失效模式“噪音过大”的RPN是多少？,RPN=120.0,120,正确,1.0,289.9,语义RAG,0.6667,1.0,0,,3,,,120.0,,,,120.0,RPN,17,
357,357,Full-ΣMi残差模型,M1+M2+M3+M4,故障措施推荐类,action_mode,,M3_查询理解与语义检索增强,口语化/模糊检索,简单,失效模式“噪音过大”对应的建议措施是什么？,更换风扇,更换风扇,正确,1.0,311.19,语义RAG,0.6667,1.0,0,,3,,,,,,更换风扇,,RecommendedAction,17,
358,358,Full-ΣMi残差模型,M1+M2+M3+M4,故障原因诊断类,cause_colloquial,,M3_查询理解与语义检索增强,口语化/模糊检索,中等,在项目/功能“热管理系统”里，失效模式“噪音过大”这个问题，原因讲白一点是什么？,风扇固定不牢靠或功率过高,风扇固定不牢靠或功率过高。,正确,1.0,489.79,语义RAG,0.3333,1.0,0,,3,,,,,,风扇固定不牢靠或功率过高,,,17,
359,359,Full-ΣMi残差模型,M1+M2+M3+M4,风险影响评估类,effect_colloquial,,M3_查询理解与语义检索增强,口语化/模糊检索,中等,在项目/功能“热管理系统”里，失效模式“噪音过大”最后会带来什么后果？,影响乘车环境,影响乘车环境,正确,1.0,483.12,语义RAG,0.3333,1.0,0,,3,,,,,,影响乘车环境,,,17,
360,360,Full-ΣMi残差模型,M1+M2+M3+M4,故障措施推荐类,action_colloquial,,M3_查询理解与语义检索增强,口语化/模糊检索,中等,在项目/功能“热管理系统”里，失效模式“噪音过大”一般怎么处理？,更换风扇,建议措施: 更换风扇.,正确,1.0,494.2,语义RAG,0.3333,1.0,0,,3,,,,,,更换风扇,,,17,
361,361,Full-ΣMi残差模型,M1+M2+M3+M4,风险影响评估类,risk_colloquial,,M3_查询理解与语义检索增强,口语化/模糊检索,中等,在项目/功能“热管理系统”里，失效模式“噪音过大”的风险最后会体现成什么？,影响乘车环境,后果=影响乘车环境,正确,1.0,411.48,语义RAG,0.3333,1.0,0,,3,,,,,,影响乘车环境,,,17,
362,362,Full-ΣMi残差模型,M1+M2+M3+M4,故障原因诊断类,cause_bool,,M4_证据裁决,证据裁决,简单,FMEA编号“LFP018”对应的原因是否就是“风扇固定不牢靠或功率过高”？,是,不是。FMEA编号“LFP018”对应的失效原因是“风扇固定不牢靠或功率过高”。,错误,0.0,673.24,语义RAG,0.3333,0.3333,0,,3,是/否判断,,,,,,,是/否判断,17,
363,363,Full-ΣMi残差模型,M1+M2+M3+M4,风险影响评估类,risk_bool,,M4_证据裁决,证据裁决,简单,FMEA编号“LFP018”对应的后果是否就是“影响乘车环境”？,是,不是。FMEA编号“LFP018”对应的后果是“安全事故”。,错误,0.0,577.93,语义RAG,0.0,0.0,0,,3,是/否判断,,,,,,,是/否判断,17,
364,364,Full-ΣMi残差模型,M1+M2+M3+M4,风险影响评估类,mode_project_bool,,M4_证据裁决,证据裁决,简单,失效模式“噪音过大”是不是出现在项目/功能“热管理系统”里？,是,是的，失效模式“噪音过大”出现在项目/功能“热管理系统”里。,正确,1.0,911.64,语义RAG,0.6667,0.6667,0,,3,,,,,,,,是/否判断,17,
365,365,Full-ΣMi残差模型,M1+M2+M3+M4,风险影响评估类,risk_mode_code,,M3_查询理解与语义检索增强,口语化/模糊检索,简单,失效模式“噪音过大”对应的FMEA编号是什么？,LFP018,LFP018,正确,1.0,437.67,语义RAG,0.6667,1.0,0,,3,,,18.0,,,LFP018,,FmeaID,17,
366,366,Full-ΣMi残差模型,M1+M2+M3+M4,风险影响评估类,risk_mode_project,,M3_查询理解与语义检索增强,口语化/模糊检索,简单,在项目/功能“热管理系统”里，失效模式“噪音过大”的后果是什么？,影响乘车环境,影响乘车环境,正确,1.0,487.29,语义RAG,0.3333,1.0,0,,3,,,,,,影响乘车环境,,,17,
367,367,Full-ΣMi残差模型,M1+M2+M3+M4,故障原因诊断类,cause_code,,M1_编号直答,CSV直答,简单,FMEA编号“LFP019”这条的潜在失效原因/机理是什么？,通风方式不合理,无直接对应的失效模式，但根据上下文，“FMEA编号LFP019”的失效模式是“电池间温度一致性差”，其潜在失效原因是“通风方式不合理”。,正确,1.0,723.29,语义RAG,0.3333,1.0,0,,3,,,,,,通风方式不合理,,,18,
368,368,Full-ΣMi残差模型,M1+M2+M3+M4,风险影响评估类,effect_code,,M1_编号直答,CSV直答,简单,FMEA编号“LFP019”这条的潜在失效后果是什么？,影响电池工作,不知道。,错误,0.0,449.27,语义RAG,0.0,1.0,0,,3,影响电池工作,,,,,影响电池工作,,,18,
369,369,Full-ΣMi残差模型,M1+M2+M3+M4,风险影响评估类,rpn_code,,M1_编号直答,CSV直答,简单,FMEA编号“LFP019”这条的RPN是多少？,RPN=140.0,"你询问的是""FMEA编号‘LFP019’""，但根据提供的上下文信息中，并没有找到对应的编号为""LFP019""的数据。因此，我无法回答该问题。 根据提供的上下文中，存在的FMEA编号分别是“LFP020”、“LFP011”和“LFP001”，它们的RPN分别为84、18和63。",错误,0.0,985.75,语义RAG,0.0,0.0,0,,3,,140.0,,,,,140.0,RPN,18,
370,370,Full-ΣMi残差模型,M1+M2+M3+M4,风险影响评估类,s_code,,M1_编号直答,CSV直答,简单,FMEA编号“LFP019”这条的S是多少？,S=4.0,不知道。,错误,0.0,271.8,语义RAG,0.0,1.0,0,,3,,4.0,,,,,4.0,S,18,
371,371,Full-ΣMi残差模型,M1+M2+M3+M4,风险影响评估类,o_code,,M1_编号直答,CSV直答,简单,FMEA编号“LFP019”这条的O是多少？,O=5.0,你提供的上下文中并没有出现FMEA编号为“LFP019”的记录，因此无法回答O的具体数值。根据上下文中的其他条目，“LFP020”、“LFP011”和“LFP001”的O值分别是3、2和3。,错误,0.0,781.41,语义RAG,0.0,1.0,0,,3,,5.0,,,,,5.0,O,18,
372,372,Full-ΣMi残差模型,M1+M2+M3+M4,风险影响评估类,d_code,,M1_编号直答,CSV直答,简单,FMEA编号“LFP019”这条的D是多少？,D=7.0,你提供的上下文中并没有出现FMEA编号“LFP019”的记录，因此无法回答该问题。根据上下文中的其他条目，“LFP020”、“LFP011”和“LFP001”的可探测度D分别是7、5和3。,正确,1.0,757.04,语义RAG,0.0,1.0,0,,3,,,7.0,,,,7.0,D,18,
373,373,Full-ΣMi残差模型,M1+M2+M3+M4,故障措施推荐类,action_code,,M1_编号直答,CSV直答,简单,FMEA编号“LFP019”这条的建议措施是什么？,增加散热,不知道。,错误,0.0,271.93,语义RAG,0.0,0.0,0,,3,增加散热,,,,,增加散热,,RecommendedAction,18,
374,374,Full-ΣMi残差模型,M1+M2+M3+M4,故障原因诊断类,cause_mode,,M3_查询理解与语义检索增强,口语化/模糊检索,简单,失效模式“电池间温度一致性差”对应的潜在失效原因/机理是什么？,通风方式不合理,失效模式“电池间温度一致性差”的潜在失效原因是“通风方式不合理”。,正确,1.0,856.93,语义RAG,0.3333,1.0,0,,3,,,,,,通风方式不合理,,,18,
375,375,Full-ΣMi残差模型,M1+M2+M3+M4,风险影响评估类,effect_mode,,M3_查询理解与语义检索增强,口语化/模糊检索,简单,失效模式“电池间温度一致性差”对应的潜在失效后果是什么？,影响电池工作,你提供的上下文中并没有提到“电池间温度一致性差”这个失效模式，因此我无法回答这个问题。根据你的要求，我会明确回答不知道。 但是如果你有其他相关的问题或者需要查询其他的失效模式，请告诉我！,错误,0.0,834.05,语义RAG,0.0,0.0,0,,3,影响电池工作,,,,,影响电池工作,,,18,
376,376,Full-ΣMi残差模型,M1+M2+M3+M4,风险影响评估类,rpn_mode,,M3_查询理解与语义检索增强,口语化/模糊检索,简单,失效模式“电池间温度一致性差”的RPN是多少？,RPN=140.0,不知道。,错误,0.0,294.5,语义RAG,0.0,0.0,0,,3,,140.0,,,,,140.0,RPN,18,
377,377,Full-ΣMi残差模型,M1+M2+M3+M4,故障措施推荐类,action_mode,,M3_查询理解与语义检索增强,口语化/模糊检索,简单,失效模式“电池间温度一致性差”对应的建议措施是什么？,增加散热,你询问的失效模式“电池间温度一致性差”的对应建议措施，但在提供的上下文中并没有找到该失效模式的信息。因此，根据现有信息，我无法给出答案。 [1] 中提到的建议措施是：更换电池。 [2] 和 [3] 中提到的建议措施分别是： - 定期检查和更新BMS系统 - 过流保护 如果“电池间温度一致性差”是新增加的失效模式，请提供更多信息或确认该失效模式是否存在于其他数据中。,错误,0.0,1163.51,语义RAG,0.0,0.0,1,,3,增加散热,,,,3.0,增加散热,,RecommendedAction,18,
378,378,Full-ΣMi残差模型,M1+M2+M3+M4,故障原因诊断类,cause_colloquial,,M3_查询理解与语义检索增强,口语化/模糊检索,中等,在项目/功能“热管理系统”里，失效模式“电池间温度一致性差”这个问题，原因讲白一点是什么？,通风方式不合理,通风方式不合理。,正确,1.0,776.13,语义RAG,0.3333,1.0,0,,3,,,,,,通风方式不合理,,,18,
379,379,Full-ΣMi残差模型,M1+M2+M3+M4,风险影响评估类,effect_colloquial,,M3_查询理解与语义检索增强,口语化/模糊检索,中等,在项目/功能“热管理系统”里，失效模式“电池间温度一致性差”最后会带来什么后果？,影响电池工作,影响电池工作,正确,1.0,763.23,语义RAG,0.3333,1.0,0,,3,,,,,,影响电池工作,,,18,
380,380,Full-ΣMi残差模型,M1+M2+M3+M4,故障措施推荐类,action_colloquial,,M3_查询理解与语义检索增强,口语化/模糊检索,中等,在项目/功能“热管理系统”里，失效模式“电池间温度一致性差”一般怎么处理？,增加散热,增加散热。,正确,1.0,783.43,语义RAG,0.3333,1.0,0,,3,,,,,,增加散热,,,18,
381,381,Full-ΣMi残差模型,M1+M2+M3+M4,风险影响评估类,risk_colloquial,,M3_查询理解与语义检索增强,口语化/模糊检索,中等,在项目/功能“热管理系统”里，失效模式“电池间温度一致性差”的风险最后会体现成什么？,影响电池工作,后果 / 故障结果: 影响电池工作,正确,1.0,852.03,语义RAG,0.3333,1.0,0,,3,,,,,,影响电池工作,,,18,
382,382,Full-ΣMi残差模型,M1+M2+M3+M4,故障原因诊断类,cause_bool,,M4_证据裁决,证据裁决,简单,FMEA编号“LFP019”对应的原因是否就是“通风方式不合理”？,是,是的，失效原因 / FailureCause 为 “通风方式不合理”。,正确,1.0,511.99,语义RAG,0.3333,0.3333,0,,3,,,,,,,,是/否判断,18,
383,383,Full-ΣMi残差模型,M1+M2+M3+M4,风险影响评估类,risk_bool,,M4_证据裁决,证据裁决,简单,FMEA编号“LFP019”对应的后果是否就是“影响电池工作”？,是,不是。FMEA编号“LFP019”对应的后果是“安全事故”。,错误,0.0,555.97,语义RAG,0.3333,0.3333,0,,3,是/否判断,,,,,,,是/否判断,18,
384,384,Full-ΣMi残差模型,M1+M2+M3+M4,风险影响评估类,mode_project_bool,,M4_证据裁决,证据裁决,简单,失效模式“电池间温度一致性差”是不是出现在项目/功能“热管理系统”里？,是,是的，失效模式“电池间温度一致性差”出现在项目/功能“热管理系统”里。,正确,1.0,930.91,语义RAG,0.6667,0.6667,0,,3,,,,,,,,是/否判断,18,
385,385,Full-ΣMi残差模型,M1+M2+M3+M4,风险影响评估类,risk_mode_code,,M3_查询理解与语义检索增强,口语化/模糊检索,简单,失效模式“电池间温度一致性差”对应的FMEA编号是什么？,LFP019,不知道。,错误,0.0,436.03,语义RAG,0.0,0.0,0,,3,LFP019,,,,,LFP019,,FmeaID,18,
386,386,Full-ΣMi残差模型,M1+M2+M3+M4,风险影响评估类,risk_mode_project,,M3_查询理解与语义检索增强,口语化/模糊检索,简单,在项目/功能“热管理系统”里，失效模式“电池间温度一致性差”的后果是什么？,影响电池工作,影响电池工作,正确,1.0,823.56,语义RAG,0.3333,1.0,0,,3,,,,,,影响电池工作,,,18,
387,387,Full-ΣMi残差模型,M1+M2+M3+M4,故障原因诊断类,cause_code,,M1_编号直答,CSV直答,简单,FMEA编号“LFP020”这条的潜在失效原因/机理是什么？,环境温度过高,根据上下文，FMEA编号“LFP020”并未出现，因此不知道其潜在失效原因/机理。,错误,0.0,625.31,语义RAG,0.0,0.0,0,,3,环境温度过高,,,,,环境温度过高,,,19,
388,388,Full-ΣMi残差模型,M1+M2+M3+M4,风险影响评估类,effect_code,,M1_编号直答,CSV直答,简单,FMEA编号“LFP020”这条的潜在失效后果是什么？,影响电池工作,影响电池工作,正确,1.0,459.85,语义RAG,0.3333,1.0,0,,3,,,,,,影响电池工作,,,19,
389,389,Full-ΣMi残差模型,M1+M2+M3+M4,风险影响评估类,rpn_code,,M1_编号直答,CSV直答,简单,FMEA编号“LFP020”这条的RPN是多少？,RPN=84.0,84,正确,1.0,283.69,语义RAG,0.3333,1.0,0,,3,,,84.0,,,,84.0,RPN,19,
390,390,Full-ΣMi残差模型,M1+M2+M3+M4,风险影响评估类,s_code,,M1_编号直答,CSV直答,简单,FMEA编号“LFP020”这条的S是多少？,S=4.0,4,正确,1.0,294.82,语义RAG,0.3333,1.0,0,,3,,,4.0,,,,4.0,S,19,
391,391,Full-ΣMi残差模型,M1+M2+M3+M4,风险影响评估类,o_code,,M1_编号直答,CSV直答,简单,FMEA编号“LFP020”这条的O是多少？,O=3.0,3,正确,1.0,289.89,语义RAG,0.3333,1.0,0,,3,,,3.0,,,,3.0,O,19,
392,392,Full-ΣMi残差模型,M1+M2+M3+M4,风险影响评估类,d_code,,M1_编号直答,CSV直答,简单,FMEA编号“LFP020”这条的D是多少？,D=7.0,7,正确,1.0,272.11,语义RAG,0.3333,1.0,0,,3,,,7.0,,,,7.0,D,19,
393,393,Full-ΣMi残差模型,M1+M2+M3+M4,故障措施推荐类,action_code,,M1_编号直答,CSV直答,简单,FMEA编号“LFP020”这条的建议措施是什么？,外部环境降温,外部环境降温,正确,1.0,310.29,语义RAG,0.3333,1.0,0,,3,,,,,,外部环境降温,,RecommendedAction,19,
394,394,Full-ΣMi残差模型,M1+M2+M3+M4,故障原因诊断类,cause_mode,,M3_查询理解与语义检索增强,口语化/模糊检索,简单,失效模式“整体温度高，管理目标无法实现”对应的潜在失效原因/机理是什么？,环境温度过高,上下文中的失效模式并不包含“整体温度高，管理目标无法实现”，而是包含“电池组整体温度过高”。其对应的潜在失效原因是： 失效原因 / FailureCause / cause / reason / 为什么 / 为啥 / 咋来的: 风道设计不合理,错误,0.0,1303.61,语义RAG,0.0,0.0,0,,3,环境温度过高,,,,,环境温度过高,,,19,
395,395,Full-ΣMi残差模型,M1+M2+M3+M4,风险影响评估类,effect_mode,,M3_查询理解与语义检索增强,口语化/模糊检索,简单,失效模式“整体温度高，管理目标无法实现”对应的潜在失效后果是什么？,影响电池工作,答案与上下文中的失效模式不匹配，上下文中没有提到“整体温度高，管理目标无法实现”这一失效模式。根据提供的信息，最接近的失效模式是“电池组整体温度过高”，其对应的失效后果是“影响电池工作”。因此，如果严格按照提供的信息回答： 影响电池工作,正确,1.0,837.75,语义RAG,0.0,1.0,0,,3,,,,,,影响电池工作,,,19,
396,396,Full-ΣMi残差模型,M1+M2+M3+M4,风险影响评估类,rpn_mode,,M3_查询理解与语义检索增强,口语化/模糊检索,简单,失效模式“整体温度高，管理目标无法实现”的RPN是多少？,RPN=84.0,根据上下文，没有找到“整体温度高，管理目标无法实现”这个失效模式的记录，因此不知道其对应的RPN值。,错误,0.0,546.04,语义RAG,0.0,1.0,0,,3,,84.0,,,,,84.0,RPN,19,
397,397,Full-ΣMi残差模型,M1+M2+M3+M4,故障措施推荐类,action_mode,,M3_查询理解与语义检索增强,口语化/模糊检索,简单,失效模式“整体温度高，管理目标无法实现”对应的建议措施是什么？,外部环境降温,根据上下文，没有找到对应“整体温度高，管理目标无法实现”的失效模式及其建议措施。请确认失效模式是否正确，并参考其他信息。,错误,0.0,600.99,语义RAG,0.0,0.0,0,,3,外部环境降温,,,,,外部环境降温,,RecommendedAction,19,
398,398,Full-ΣMi残差模型,M1+M2+M3+M4,故障原因诊断类,cause_colloquial,,M3_查询理解与语义检索增强,口语化/模糊检索,中等,在项目/功能“热管理系统”里，失效模式“整体温度高，管理目标无法实现”这个问题，原因讲白一点是什么？,环境温度过高,"根据上下文，""热管理系统""中与""整体温度过高""相关的FMEA条目是： 排名6: FMEA编号=LFP016; 项目/功能=热管理系统; 失效模式=电池组整体温度过高; RPN=168; S=6; O=4; D=7; 原因=风道设计不合理; 后果=影响电池工作; 建议措施=增加散热. 所以，失效模式“电池组整体温度过高”的原因是“风道设计不合理”。",错误,0.0,1342.43,语义RAG,0.3333,0.0,0,,3,环境温度过高,,,,,环境温度过高,,,19,
399,399,Full-ΣMi残差模型,M1+M2+M3+M4,风险影响评估类,effect_colloquial,,M3_查询理解与语义检索增强,口语化/模糊检索,中等,在项目/功能“热管理系统”里，失效模式“整体温度高，管理目标无法实现”最后会带来什么后果？,影响电池工作,根据上下文，热管理系统中的失效模式“电池组整体温度过高”会导致的后果是影响电池工作。,正确,1.0,666.03,语义RAG,0.3333,1.0,0,,3,,,,,,影响电池工作,,,19,
400,400,Full-ΣMi残差模型,M1+M2+M3+M4,故障措施推荐类,action_colloquial,,M3_查询理解与语义检索增强,口语化/模糊检索,中等,在项目/功能“热管理系统”里，失效模式“整体温度高，管理目标无法实现”一般怎么处理？,外部环境降温,根据上下文，热管理系统中与整体温度过高相关的失效模式是“电池组整体温度过高”，对应的建议措施为： 增加散热.,错误,0.0,739.73,语义RAG,0.3333,0.0,0,,3,外部环境降温,,,,,外部环境降温,,,19,
401,401,Full-ΣMi残差模型,M1+M2+M3+M4,风险影响评估类,risk_colloquial,,M3_查询理解与语义检索增强,口语化/模糊检索,中等,在项目/功能“热管理系统”里，失效模式“整体温度高，管理目标无法实现”的风险最后会体现成什么？,影响电池工作,根据上下文，项目/功能“热管理系统”中并没有直接提到“整体温度高，管理目标无法实现”这个失效模式。最接近的是排名6和排名7的失效模式： - 排名6: 失效模式=电池组整体温度过高; 后果=影响电池工作; - 排名7: 失效模式=电池组整体温度过低; 后果=影响电池工作; 因此，如果要回答“在项目/功能‘热管理系统’里，失效模式‘整体温度高，管理目标无法实现’的风险最后会体现成什么？”这个问题的话，根据上下文中的信息，风险最终会体现在： 后果: 影响电池工作,正确,1.0,1562.72,语义RAG,0.3333,1.0,0,,3,,,,,,影响电池工作,,,19,
402,402,Full-ΣMi残差模型,M1+M2+M3+M4,故障原因诊断类,cause_bool,,M4_证据裁决,证据裁决,简单,FMEA编号“LFP020”对应的原因是否就是“环境温度过高”？,是,不知道。上下文没有提到FMEA编号为LFP020的信息。,错误,0.0,445.63,语义RAG,0.0,0.0,0,,3,是/否判断,,,,,,,是/否判断,19,
403,403,Full-ΣMi残差模型,M1+M2+M3+M4,风险影响评估类,risk_bool,,M4_证据裁决,证据裁决,简单,FMEA编号“LFP020”对应的后果是否就是“影响电池工作”？,是,不是，“影响电池工作”是“整体温度高，管理目标无法实现”的后果。正确答案是“失效后果 / FailureEffect / effect / result / consequence / 结果 / 后果 / 会怎样: 影响电池工作”。,错误,0.0,830.71,语义RAG,0.3333,0.3333,0,,3,是/否判断,,,,,,,是/否判断,19,
404,404,Full-ΣMi残差模型,M1+M2+M3+M4,风险影响评估类,mode_project_bool,,M4_证据裁决,证据裁决,简单,失效模式“整体温度高，管理目标无法实现”是不是出现在项目/功能“热管理系统”里？,是,否，失效模式“整体温度过高”出现在项目/功能“热管理系统”中。,错误,0.0,950.71,语义RAG,0.3333,0.3333,0,,3,是/否判断,,,,,,,是/否判断,19,
405,405,Full-ΣMi残差模型,M1+M2+M3+M4,风险影响评估类,risk_mode_code,,M3_查询理解与语义检索增强,口语化/模糊检索,简单,失效模式“整体温度高，管理目标无法实现”对应的FMEA编号是什么？,LFP020,答案中并未出现失效模式“整体温度高，管理目标无法实现”的描述，因此根据提供的上下文信息，没有找到对应的FMEA编号。,错误,0.0,580.73,语义RAG,0.0,0.0,0,,3,LFP020,,,,,LFP020,,FmeaID,19,
406,406,Full-ΣMi残差模型,M1+M2+M3+M4,风险影响评估类,risk_mode_project,,M3_查询理解与语义检索增强,口语化/模糊检索,简单,在项目/功能“热管理系统”里，失效模式“整体温度高，管理目标无法实现”的后果是什么？,影响电池工作,根据上下文，热管理系统中并没有“整体温度高，管理目标无法实现”这个失效模式。最接近的是排名6和排名7的失效模式： - 排名6: 失效模式=电池组整体温度过高; 后果=影响电池工作; - 排名7: 失效模式=电池组整体温度过低; 后果=影响电池工作; 因此，如果要回答与“热管理系统”和“整体温度高”相关的失效模式的后果，答案是：影响电池工作。,正确,1.0,1279.41,语义RAG,0.3333,1.0,0,,3,,,,,,影响电池工作,,,19,
407,407,Full-ΣMi残差模型,M1+M2+M3+M4,故障原因诊断类,cause_code,,M1_编号直答,CSV直答,简单,FMEA编号“LFP021”这条的潜在失效原因/机理是什么？,连接片氧化、未压紧防松螺母连接电阻增加、截面积小或材质不纯,连接片氧化、未压紧防松螺母连接电阻增加、截面积小或材质不纯。,正确,1.0,589.11,语义RAG,0.3333,1.0,0,,3,,,,,,连接片氧化、未压紧防松螺母连接电阻增加、截面积小或材质不纯,,,20,
408,408,Full-ΣMi残差模型,M1+M2+M3+M4,风险影响评估类,effect_code,,M1_编号直答,CSV直答,简单,FMEA编号“LFP021”这条的潜在失效后果是什么？,安全事故,这个问题与提供的上下文不符，上下文中没有找到FMEA编号为“LFP021”的记录。根据提供的信息，最接近的是编号为“LFP020”，其潜在失效后果是“影响电池工作”。,错误,0.0,830.48,语义RAG,0.0,1.0,0,,3,安全事故,,,,,安全事故,,,20,
409,409,Full-ΣMi残差模型,M1+M2+M3+M4,风险影响评估类,rpn_code,,M1_编号直答,CSV直答,简单,FMEA编号“LFP021”这条的RPN是多少？,RPN=90.0,84,错误,0.0,290.27,语义RAG,0.0,0.0,0,,3,,90.0,,,,,90.0,RPN,20,
410,410,Full-ΣMi残差模型,M1+M2+M3+M4,风险影响评估类,s_code,,M1_编号直答,CSV直答,简单,FMEA编号“LFP021”这条的S是多少？,S=10.0,不知道。,错误,0.0,295.44,语义RAG,0.0,0.0,0,,3,,10.0,,,,,10.0,S,20,
411,411,Full-ΣMi残差模型,M1+M2+M3+M4,风险影响评估类,o_code,,M1_编号直答,CSV直答,简单,FMEA编号“LFP021”这条的O是多少？,O=3.0,3,正确,1.0,269.89,语义RAG,0.0,1.0,0,,3,,,3.0,,,,3.0,O,20,
412,412,Full-ΣMi残差模型,M1+M2+M3+M4,风险影响评估类,d_code,,M1_编号直答,CSV直答,简单,FMEA编号“LFP021”这条的D是多少？,D=3.0,7,错误,0.0,297.69,语义RAG,0.0,1.0,0,,3,,3.0,,,,,3.0,D,20,
413,413,Full-ΣMi残差模型,M1+M2+M3+M4,故障措施推荐类,action_code,,M1_编号直答,CSV直答,简单,FMEA编号“LFP021”这条的建议措施是什么？,更换连接片或压紧防松螺母,外部环境降温,错误,0.0,289.84,语义RAG,0.0,0.0,0,,3,更换连接片或压紧防松螺母,,,,,更换连接片或压紧防松螺母,,RecommendedAction,20,
414,414,Full-ΣMi残差模型,M1+M2+M3+M4,故障原因诊断类,cause_mode,,M3_查询理解与语义检索增强,口语化/模糊检索,简单,失效模式“连接片过热”对应的潜在失效原因/机理是什么？,连接片氧化、未压紧防松螺母连接电阻增加、截面积小或材质不纯,连接片过热的失效原因是：连接片氧化、未压紧防松螺母连接电阻增加、截面积小或材质不纯。,正确,1.0,992.13,语义RAG,0.3333,1.0,0,,3,,,,,,连接片氧化、未压紧防松螺母连接电阻增加、截面积小或材质不纯,,,20,
415,415,Full-ΣMi残差模型,M1+M2+M3+M4,风险影响评估类,effect_mode,,M3_查询理解与语义检索增强,口语化/模糊检索,简单,失效模式“连接片过热”对应的潜在失效后果是什么？,安全事故,你询问的失效模式“连接片过热”在给定的上下文中并没有出现，因此根据提供的信息，无法得知该失效模式对应的潜在失效后果。,错误,0.0,687.62,语义RAG,0.0,1.0,0,,3,安全事故,,,,,安全事故,,,20,
416,416,Full-ΣMi残差模型,M1+M2+M3+M4,风险影响评估类,rpn_mode,,M3_查询理解与语义检索增强,口语化/模糊检索,简单,失效模式“连接片过热”的RPN是多少？,RPN=90.0,不知道。,错误,0.0,300.98,语义RAG,0.0,0.0,0,,3,,90.0,,,,,90.0,RPN,20,
417,417,Full-ΣMi残差模型,M1+M2+M3+M4,故障措施推荐类,action_mode,,M3_查询理解与语义检索增强,口语化/模糊检索,简单,失效模式“连接片过热”对应的建议措施是什么？,更换连接片或压紧防松螺母,你询问的失效模式“连接片过热”在提供的上下文中并未出现，因此无法找到对应的建议措施。根据现有信息，与“连接片过热”不相关的建议措施有： - 整体温度过高：外部环境降温 - 过电流：外部环境降温（此为预防控制，非建议措施） - 现场电池组无输出电压：现场更换损坏器件和改正错误,错误,0.0,1009.24,语义RAG,0.0,0.0,0,,3,更换连接片或压紧防松螺母,,,,,更换连接片或压紧防松螺母,,RecommendedAction,20,
418,418,Full-ΣMi残差模型,M1+M2+M3+M4,故障原因诊断类,cause_colloquial,,M3_查询理解与语义检索增强,口语化/模糊检索,中等,在项目/功能“热管理系统”里，失效模式“连接片过热”这个问题，原因讲白一点是什么？,连接片氧化、未压紧防松螺母连接电阻增加、截面积小或材质不纯,原因是连接片氧化、未压紧防松螺母导致的连接电阻增加、截面积小或材质不纯。,错误,0.0,984.21,语义RAG,0.3333,1.0,0,,3,连接片氧化、未压紧防松螺母连接电阻增加、截面积小或材质不纯,,,,,连接片氧化、未压紧防松螺母连接电阻增加、截面积小或材质不纯,,,20,
419,419,Full-ΣMi残差模型,M1+M2+M3+M4,风险影响评估类,effect_colloquial,,M3_查询理解与语义检索增强,口语化/模糊检索,中等,在项目/功能“热管理系统”里，失效模式“连接片过热”最后会带来什么后果？,安全事故,安全事故,正确,1.0,741.67,语义RAG,0.3333,1.0,0,,3,,,,,,安全事故,,,20,
420,420,Full-ΣMi残差模型,M1+M2+M3+M4,故障措施推荐类,action_colloquial,,M3_查询理解与语义检索增强,口语化/模糊检索,中等,在项目/功能“热管理系统”里，失效模式“连接片过热”一般怎么处理？,更换连接片或压紧防松螺母,建议措施=更换连接片或压紧防松螺母.,正确,1.0,915.03,语义RAG,0.3333,1.0,0,,3,,,,,,更换连接片或压紧防松螺母,,,20,
421,421,Full-ΣMi残差模型,M1+M2+M3+M4,风险影响评估类,risk_colloquial,,M3_查询理解与语义检索增强,口语化/模糊检索,中等,在项目/功能“热管理系统”里，失效模式“连接片过热”的风险最后会体现成什么？,安全事故,后果 / FailureEffect: 连接片过热会导致安全事故。,正确,1.0,549.09,语义RAG,0.3333,1.0,0,,3,,,,,,安全事故,,,20,
422,422,Full-ΣMi残差模型,M1+M2+M3+M4,故障原因诊断类,cause_bool,,M4_证据裁决,证据裁决,简单,FMEA编号“LFP021”对应的原因是否就是“连接片氧化、未压紧防松螺母连接电阻增加、截面积小或材质不纯”？,是,是的，FMEA编号“LFP021”对应的原因就是“连接片氧化、未压紧防松螺母连接电阻增加、截面积小或材质不纯”。,正确,1.0,816.27,语义RAG,1.0,1.0,0,,3,,,,,,,,是/否判断,20,
423,423,Full-ΣMi残差模型,M1+M2+M3+M4,风险影响评估类,risk_bool,,M4_证据裁决,证据裁决,简单,FMEA编号“LFP021”对应的后果是否就是“安全事故”？,是,是的，FMEA编号“LFP021”对应的后果就是“安全事故”。,正确,1.0,883.92,语义RAG,1.0,1.0,0,,3,,,,,,,,是/否判断,20,
424,424,Full-ΣMi残差模型,M1+M2+M3+M4,风险影响评估类,mode_project_bool,,M4_证据裁决,证据裁决,简单,失效模式“连接片过热”是不是出现在项目/功能“热管理系统”里？,是,是的，失效模式“连接片过热”出现在项目/功能“热管理系统”里。,正确,1.0,935.11,语义RAG,0.6667,0.6667,0,,3,,,,,,,,是/否判断,20,
425,425,Full-ΣMi残差模型,M1+M2+M3+M4,风险影响评估类,risk_mode_code,,M3_查询理解与语义检索增强,口语化/模糊检索,简单,失效模式“连接片过热”对应的FMEA编号是什么？,LFP021,不知道。,错误,0.0,452.71,语义RAG,0.0,0.0,0,,3,LFP021,,,,,LFP021,,FmeaID,20,
426,426,Full-ΣMi残差模型,M1+M2+M3+M4,风险影响评估类,risk_mode_project,,M3_查询理解与语义检索增强,口语化/模糊检索,简单,在项目/功能“热管理系统”里，失效模式“连接片过热”的后果是什么？,安全事故,安全事故,正确,1.0,763.27,语义RAG,0.3333,1.0,0,,3,,,,,,安全事故,,,20,
427,427,Full-ΣMi残差模型,M1+M2+M3+M4,风险影响评估类,project_avg_rpn,,M2_规则推理,规则推理,中等,项目/功能“电池管理系”的平均RPN是多少？,平均RPN=136.80,240,错误,0.0,750.39,语义RAG,0.3333,0.0,0,,3,,136.8,,,,,136.8,RPN,24,
428,428,Full-ΣMi残差模型,M1+M2+M3+M4,风险影响评估类,project_top_mode,,M2_规则推理,规则推理,中等,项目/功能“电池管理系”里RPN最高的失效模式是什么？,电池组过放未报警和未保护；RPN=240.0,电池组过放未报警和未保护,错误,0.5,848.46,语义RAG,0.3333,1.0,0,,3,,240.0,,,,电池组过放未报警和未保护,240.0,FailureMode；RPN,24,
429,429,Full-ΣMi残差模型,M1+M2+M3+M4,风险影响评估类,project_top_effect,,M2_规则推理,规则推理,中等,项目/功能“电池管理系”里RPN最高的那条，它的后果是什么？,影响电池寿命或永久性损坏,影响电池寿命或永久性损坏,正确,1.0,331.31,语义RAG,0.3333,1.0,0,1.0,3,,,,,,影响电池寿命或永久性损坏,,FailureEffect,24,
430,430,Full-ΣMi残差模型,M1+M2+M3+M4,故障原因诊断类,cause_code,,M1_编号直答,CSV直答,简单,FMEA编号“LFP022”这条的潜在失效原因/机理是什么？,电磁干扰，电路板虚焊或保护电阻损坏,电磁干扰，电路板虚焊或保护电阻损坏,正确,1.0,483.6,语义RAG,0.3333,1.0,0,,3,,,,,,电磁干扰，电路板虚焊或保护电阻损坏,,,21,
431,431,Full-ΣMi残差模型,M1+M2+M3+M4,风险影响评估类,effect_code,,M1_编号直答,CSV直答,简单,FMEA编号“LFP022”这条的潜在失效后果是什么？,影响用户使用,不知道。,错误,0.0,444.47,语义RAG,0.0,0.0,0,,3,影响用户使用,,,,,影响用户使用,,,21,
432,432,Full-ΣMi残差模型,M1+M2+M3+M4,风险影响评估类,rpn_code,,M1_编号直答,CSV直答,简单,FMEA编号“LFP022”这条的RPN是多少？,RPN=120.0,不知道。,错误,0.0,317.39,语义RAG,0.0,0.0,0,,3,,120.0,,,,,120.0,RPN,21,
433,433,Full-ΣMi残差模型,M1+M2+M3+M4,风险影响评估类,s_code,,M1_编号直答,CSV直答,简单,FMEA编号“LFP022”这条的S是多少？,S=4.0,不知道。,错误,0.0,251.88,语义RAG,0.0,1.0,0,,3,,4.0,,,,,4.0,S,21,
434,434,Full-ΣMi残差模型,M1+M2+M3+M4,风险影响评估类,o_code,,M1_编号直答,CSV直答,简单,FMEA编号“LFP022”这条的O是多少？,O=6.0,不知道。,错误,0.0,283.6,语义RAG,0.0,0.0,0,,3,,6.0,,,,,6.0,O,21,
435,435,Full-ΣMi残差模型,M1+M2+M3+M4,风险影响评估类,d_code,,M1_编号直答,CSV直答,简单,FMEA编号“LFP022”这条的D是多少？,D=5.0,不知道。,错误,0.0,291.23,语义RAG,0.0,1.0,0,,3,,5.0,,,,,5.0,D,21,
436,436,Full-ΣMi残差模型,M1+M2+M3+M4,故障措施推荐类,action_code,,M1_编号直答,CSV直答,简单,FMEA编号“LFP022”这条的建议措施是什么？,定期检查和更新BMS系统,不知道。,错误,0.0,268.64,语义RAG,0.0,0.0,0,,3,定期检查和更新BMS系统,,,,,定期检查和更新BMS系统,,RecommendedAction,21,
437,437,Full-ΣMi残差模型,M1+M2+M3+M4,故障原因诊断类,cause_mode,,M3_查询理解与语义检索增强,口语化/模糊检索,简单,失效模式“数据采样干扰性大和采样不准确”对应的潜在失效原因/机理是什么？,电磁干扰，电路板虚焊或保护电阻损坏,电磁干扰，电路板虚焊或保护电阻损坏,正确,1.0,853.05,语义RAG,0.3333,1.0,0,,3,,,,,,电磁干扰，电路板虚焊或保护电阻损坏,,,21,
438,438,Full-ΣMi残差模型,M1+M2+M3+M4,风险影响评估类,effect_mode,,M3_查询理解与语义检索增强,口语化/模糊检索,简单,失效模式“数据采样干扰性大和采样不准确”对应的潜在失效后果是什么？,影响用户使用,影响用户使用,正确,1.0,455.32,语义RAG,0.3333,1.0,0,,3,,,,,,影响用户使用,,,21,
439,439,Full-ΣMi残差模型,M1+M2+M3+M4,风险影响评估类,rpn_mode,,M3_查询理解与语义检索增强,口语化/模糊检索,简单,失效模式“数据采样干扰性大和采样不准确”的RPN是多少？,RPN=120.0,120,正确,1.0,307.55,语义RAG,0.3333,1.0,0,,3,,,120.0,,,,120.0,RPN,21,
440,440,Full-ΣMi残差模型,M1+M2+M3+M4,故障措施推荐类,action_mode,,M3_查询理解与语义检索增强,口语化/模糊检索,简单,失效模式“数据采样干扰性大和采样不准确”对应的建议措施是什么？,定期检查和更新BMS系统,定期检查和更新BMS系统。,正确,1.0,371.76,语义RAG,0.3333,1.0,0,,3,,,,,,定期检查和更新BMS系统,,RecommendedAction,21,
441,441,Full-ΣMi残差模型,M1+M2+M3+M4,故障原因诊断类,cause_colloquial,,M3_查询理解与语义检索增强,口语化/模糊检索,中等,在项目/功能“电池管理系”里，失效模式“数据采样干扰性大和采样不准确”这个问题，原因讲白一点是什么？,电磁干扰，电路板虚焊或保护电阻损坏,原因是电磁干扰，电路板虚焊或保护电阻损坏。,正确,1.0,575.85,语义RAG,0.3333,1.0,0,,3,,,,,,电磁干扰，电路板虚焊或保护电阻损坏,,,21,
442,442,Full-ΣMi残差模型,M1+M2+M3+M4,风险影响评估类,effect_colloquial,,M3_查询理解与语义检索增强,口语化/模糊检索,中等,在项目/功能“电池管理系”里，失效模式“数据采样干扰性大和采样不准确”最后会带来什么后果？,影响用户使用,后果 = 影响用户使用,正确,1.0,475.25,语义RAG,0.3333,1.0,0,,3,,,,,,影响用户使用,,,21,
443,443,Full-ΣMi残差模型,M1+M2+M3+M4,故障措施推荐类,action_colloquial,,M3_查询理解与语义检索增强,口语化/模糊检索,中等,在项目/功能“电池管理系”里，失效模式“数据采样干扰性大和采样不准确”一般怎么处理？,定期检查和更新BMS系统,建议措施=定期检查和更新BMS系统.,正确,1.0,538.3,语义RAG,0.3333,1.0,0,,3,,,,,,定期检查和更新BMS系统,,,21,
444,444,Full-ΣMi残差模型,M1+M2+M3+M4,风险影响评估类,risk_colloquial,,M3_查询理解与语义检索增强,口语化/模糊检索,中等,在项目/功能“电池管理系”里，失效模式“数据采样干扰性大和采样不准确”的风险最后会体现成什么？,影响用户使用,后果: 影响用户使用,正确,1.0,487.72,语义RAG,0.3333,1.0,0,,3,,,,,,影响用户使用,,,21,
445,445,Full-ΣMi残差模型,M1+M2+M3+M4,故障原因诊断类,cause_bool,,M4_证据裁决,证据裁决,简单,FMEA编号“LFP022”对应的原因是否就是“电磁干扰，电路板虚焊或保护电阻损坏”？,是,是的。,正确,1.0,496.25,语义RAG,0.6667,0.6667,0,,3,,,,,,,,是/否判断,21,
446,446,Full-ΣMi残差模型,M1+M2+M3+M4,风险影响评估类,risk_bool,,M4_证据裁决,证据裁决,简单,FMEA编号“LFP022”对应的后果是否就是“影响用户使用”？,是,不是。FMEA编号“LFP022”对应的后果是“影响电池工作”。,错误,0.0,584.85,语义RAG,0.0,0.0,0,,3,是/否判断,,,,,,,是/否判断,21,
447,447,Full-ΣMi残差模型,M1+M2+M3+M4,风险影响评估类,mode_project_bool,,M4_证据裁决,证据裁决,简单,失效模式“数据采样干扰性大和采样不准确”是不是出现在项目/功能“电池管理系”里？,是,是的，失效模式“数据采样干扰性大和采样不准确”出现在项目/功能“电池管理系”里。,正确,1.0,1008.85,语义RAG,0.3333,0.3333,0,,3,,,,,,,,是/否判断,21,
448,448,Full-ΣMi残差模型,M1+M2+M3+M4,风险影响评估类,risk_mode_code,,M3_查询理解与语义检索增强,口语化/模糊检索,简单,失效模式“数据采样干扰性大和采样不准确”对应的FMEA编号是什么？,LFP022,LFP022,正确,1.0,415.75,语义RAG,0.3333,1.0,0,,3,,,22.0,,,LFP022,,FmeaID,21,
449,449,Full-ΣMi残差模型,M1+M2+M3+M4,风险影响评估类,risk_mode_project,,M3_查询理解与语义检索增强,口语化/模糊检索,简单,在项目/功能“电池管理系”里，失效模式“数据采样干扰性大和采样不准确”的后果是什么？,影响用户使用,影响用户使用,正确,1.0,471.01,语义RAG,0.3333,1.0,0,,3,,,,,,影响用户使用,,,21,
450,450,Full-ΣMi残差模型,M1+M2+M3+M4,故障原因诊断类,cause_code,,M1_编号直答,CSV直答,简单,FMEA编号“LFP023”这条的潜在失效原因/机理是什么？,BMS SOC算法不合理,BMS SOC算法不合理,正确,1.0,422.43,语义RAG,0.3333,1.0,0,,3,,,,,,BMS SOC算法不合理,,,22,
451,451,Full-ΣMi残差模型,M1+M2+M3+M4,风险影响评估类,effect_code,,M1_编号直答,CSV直答,简单,FMEA编号“LFP023”这条的潜在失效后果是什么？,影响用户使用,不知道。,错误,0.0,485.64,语义RAG,0.0,0.0,0,,3,影响用户使用,,,,,影响用户使用,,,22,
452,452,Full-ΣMi残差模型,M1+M2+M3+M4,风险影响评估类,rpn_code,,M1_编号直答,CSV直答,简单,FMEA编号“LFP023”这条的RPN是多少？,RPN=144.0,不知道。,错误,0.0,262.72,语义RAG,0.0,0.0,0,,3,,144.0,,,,,144.0,RPN,22,
453,453,Full-ΣMi残差模型,M1+M2+M3+M4,风险影响评估类,s_code,,M1_编号直答,CSV直答,简单,FMEA编号“LFP023”这条的S是多少？,S=4.0,不知道。,错误,0.0,281.48,语义RAG,0.0,1.0,0,,3,,4.0,,,,,4.0,S,22,
454,454,Full-ΣMi残差模型,M1+M2+M3+M4,风险影响评估类,o_code,,M1_编号直答,CSV直答,简单,FMEA编号“LFP023”这条的O是多少？,O=6.0,不知道。,错误,0.0,253.66,语义RAG,0.0,0.0,0,,3,,6.0,,,,,6.0,O,22,
455,455,Full-ΣMi残差模型,M1+M2+M3+M4,风险影响评估类,d_code,,M1_编号直答,CSV直答,简单,FMEA编号“LFP023”这条的D是多少？,D=6.0,不知道。,错误,0.0,276.1,语义RAG,0.0,0.0,0,,3,,6.0,,,,,6.0,D,22,
456,456,Full-ΣMi残差模型,M1+M2+M3+M4,故障措施推荐类,action_code,,M1_编号直答,CSV直答,简单,FMEA编号“LFP023”这条的建议措施是什么？,定期检查和更新BMS系统,不知道。,错误,0.0,274.68,语义RAG,0.0,0.0,0,,3,定期检查和更新BMS系统,,,,,定期检查和更新BMS系统,,RecommendedAction,22,
457,457,Full-ΣMi残差模型,M1+M2+M3+M4,故障原因诊断类,cause_mode,,M3_查询理解与语义检索增强,口语化/模糊检索,简单,失效模式“SOC异常”对应的潜在失效原因/机理是什么？,BMS SOC算法不合理,BMS SOC算法不合理,正确,1.0,725.02,语义RAG,0.3333,1.0,0,,3,,,,,,BMS SOC算法不合理,,,22,
458,458,Full-ΣMi残差模型,M1+M2+M3+M4,风险影响评估类,effect_mode,,M3_查询理解与语义检索增强,口语化/模糊检索,简单,失效模式“SOC异常”对应的潜在失效后果是什么？,影响用户使用,你提到的“失效模式‘SOC异常’”在提供的上下文中并没有出现，因此根据现有信息，我无法回答这个问题。,错误,0.0,687.59,语义RAG,0.0,0.0,0,,3,影响用户使用,,,,,影响用户使用,,,22,
459,459,Full-ΣMi残差模型,M1+M2+M3+M4,风险影响评估类,rpn_mode,,M3_查询理解与语义检索增强,口语化/模糊检索,简单,失效模式“SOC异常”的RPN是多少？,RPN=144.0,不知道。,错误,0.0,262.79,语义RAG,0.0,0.0,0,,3,,144.0,,,,,144.0,RPN,22,
460,460,Full-ΣMi残差模型,M1+M2+M3+M4,故障措施推荐类,action_mode,,M3_查询理解与语义检索增强,口语化/模糊检索,简单,失效模式“SOC异常”对应的建议措施是什么？,定期检查和更新BMS系统,你询问的失效模式“SOC异常”在提供的上下文中并未出现，因此无法找到对应的建议措施。根据现有信息，“SOC异常”的建议措施未被记录。,错误,0.0,606.66,语义RAG,0.0,0.0,0,,3,定期检查和更新BMS系统,,,,,定期检查和更新BMS系统,,RecommendedAction,22,
461,461,Full-ΣMi残差模型,M1+M2+M3+M4,故障原因诊断类,cause_colloquial,,M3_查询理解与语义检索增强,口语化/模糊检索,中等,在项目/功能“电池管理系”里，失效模式“SOC异常”这个问题，原因讲白一点是什么？,BMS SOC算法不合理,原因是BMS SOC算法不合理。,正确,1.0,805.11,语义RAG,0.3333,1.0,0,,3,,,,,,BMS SOC算法不合理,,,22,
462,462,Full-ΣMi残差模型,M1+M2+M3+M4,风险影响评估类,effect_colloquial,,M3_查询理解与语义检索增强,口语化/模糊检索,中等,在项目/功能“电池管理系”里，失效模式“SOC异常”最后会带来什么后果？,影响用户使用,影响用户使用,正确,1.0,785.77,语义RAG,0.3333,1.0,0,,3,,,,,,影响用户使用,,,22,
463,463,Full-ΣMi残差模型,M1+M2+M3+M4,故障措施推荐类,action_colloquial,,M3_查询理解与语义检索增强,口语化/模糊检索,中等,在项目/功能“电池管理系”里，失效模式“SOC异常”一般怎么处理？,定期检查和更新BMS系统,建议措施=BMS SOC算法不合理的情况下，定期检查和更新BMS系统。,正确,1.0,915.81,语义RAG,0.3333,1.0,0,,3,,,,,,定期检查和更新BMS系统,,,22,
464,464,Full-ΣMi残差模型,M1+M2+M3+M4,风险影响评估类,risk_colloquial,,M3_查询理解与语义检索增强,口语化/模糊检索,中等,在项目/功能“电池管理系”里，失效模式“SOC异常”的风险最后会体现成什么？,影响用户使用,后果: 影响用户使用,正确,1.0,485.33,语义RAG,0.3333,1.0,0,,3,,,,,,影响用户使用,,,22,
465,465,Full-ΣMi残差模型,M1+M2+M3+M4,故障原因诊断类,cause_bool,,M4_证据裁决,证据裁决,简单,FMEA编号“LFP023”对应的原因是否就是“BMS SOC算法不合理”？,是,是的，FMEA编号“LFP023”对应的原因就是“BMS SOC算法不合理”。,正确,1.0,629.23,语义RAG,0.6667,0.6667,0,,3,,,,,,,,是/否判断,22,
466,466,Full-ΣMi残差模型,M1+M2+M3+M4,风险影响评估类,risk_bool,,M4_证据裁决,证据裁决,简单,FMEA编号“LFP023”对应的后果是否就是“影响用户使用”？,是,不是。FMEA编号“LFP023”对应的后果是“影响电池工作”。,错误,0.0,609.01,语义RAG,0.0,0.0,0,,3,是/否判断,,,,,,,是/否判断,22,
467,467,Full-ΣMi残差模型,M1+M2+M3+M4,风险影响评估类,mode_project_bool,,M4_证据裁决,证据裁决,简单,失效模式“SOC异常”是不是出现在项目/功能“电池管理系”里？,是,是的，失效模式“SOC异常”出现在项目/功能“电池管理系”里。,正确,1.0,911.15,语义RAG,0.3333,0.3333,0,,3,,,,,,,,是/否判断,22,
468,468,Full-ΣMi残差模型,M1+M2+M3+M4,风险影响评估类,risk_mode_code,,M3_查询理解与语义检索增强,口语化/模糊检索,简单,失效模式“SOC异常”对应的FMEA编号是什么？,LFP023,不知道。,错误,0.0,412.12,语义RAG,0.0,0.0,0,,3,LFP023,,,,,LFP023,,FmeaID,22,
469,469,Full-ΣMi残差模型,M1+M2+M3+M4,风险影响评估类,risk_mode_project,,M3_查询理解与语义检索增强,口语化/模糊检索,简单,在项目/功能“电池管理系”里，失效模式“SOC异常”的后果是什么？,影响用户使用,影响用户使用,正确,1.0,766.97,语义RAG,0.3333,1.0,0,,3,,,,,,影响用户使用,,,22,
470,470,Full-ΣMi残差模型,M1+M2+M3+M4,故障原因诊断类,cause_code,,M1_编号直答,CSV直答,简单,FMEA编号“LFP024”这条的潜在失效原因/机理是什么？,BMS 控制系统损坏,"不知道。上下文中的FMEA编号并未包含""LFP024""这一条目。",错误,0.0,562.54,语义RAG,0.0,1.0,0,,3,BMS 控制系统损坏,,,,,BMS 控制系统损坏,,,23,
471,471,Full-ΣMi残差模型,M1+M2+M3+M4,风险影响评估类,effect_code,,M1_编号直答,CSV直答,简单,FMEA编号“LFP024”这条的潜在失效后果是什么？,安全事故,不知道。,错误,0.0,451.68,语义RAG,0.0,1.0,0,,3,安全事故,,,,,安全事故,,,23,
472,472,Full-ΣMi残差模型,M1+M2+M3+M4,风险影响评估类,rpn_code,,M1_编号直答,CSV直答,简单,FMEA编号“LFP024”这条的RPN是多少？,RPN=60.0,不知道。,错误,0.0,282.91,语义RAG,0.0,0.0,0,,3,,60.0,,,,,60.0,RPN,23,
473,473,Full-ΣMi残差模型,M1+M2+M3+M4,风险影响评估类,s_code,,M1_编号直答,CSV直答,简单,FMEA编号“LFP024”这条的S是多少？,S=10.0,不知道。,错误,0.0,302.21,语义RAG,0.0,0.0,0,,3,,10.0,,,,,10.0,S,23,
474,474,Full-ΣMi残差模型,M1+M2+M3+M4,风险影响评估类,o_code,,M1_编号直答,CSV直答,简单,FMEA编号“LFP024”这条的O是多少？,O=1.0,不知道。,错误,0.0,278.82,语义RAG,0.0,1.0,0,,3,,1.0,,,,,1.0,O,23,
475,475,Full-ΣMi残差模型,M1+M2+M3+M4,风险影响评估类,d_code,,M1_编号直答,CSV直答,简单,FMEA编号“LFP024”这条的D是多少？,D=6.0,不知道。,错误,0.0,280.69,语义RAG,0.0,0.0,0,,3,,6.0,,,,,6.0,D,23,
476,476,Full-ΣMi残差模型,M1+M2+M3+M4,故障措施推荐类,action_code,,M1_编号直答,CSV直答,简单,FMEA编号“LFP024”这条的建议措施是什么？,定期检查和更新BMS系统,不知道。,错误,0.0,282.56,语义RAG,0.0,0.0,0,,3,定期检查和更新BMS系统,,,,,定期检查和更新BMS系统,,RecommendedAction,23,
477,477,Full-ΣMi残差模型,M1+M2+M3+M4,故障原因诊断类,cause_mode,,M3_查询理解与语义检索增强,口语化/模糊检索,简单,失效模式“电池组过充未报警和未保护”对应的潜在失效原因/机理是什么？,BMS 控制系统损坏,BMS 控制系统损坏,正确,1.0,824.38,语义RAG,0.3333,1.0,0,,3,,,,,,BMS 控制系统损坏,,,23,
478,478,Full-ΣMi残差模型,M1+M2+M3+M4,风险影响评估类,effect_mode,,M3_查询理解与语义检索增强,口语化/模糊检索,简单,失效模式“电池组过充未报警和未保护”对应的潜在失效后果是什么？,安全事故,影响电池寿命或永久性损坏,错误,0.0,532.32,语义RAG,0.3333,1.0,0,,3,安全事故,,,,,安全事故,,,23,
479,479,Full-ΣMi残差模型,M1+M2+M3+M4,风险影响评估类,rpn_mode,,M3_查询理解与语义检索增强,口语化/模糊检索,简单,失效模式“电池组过充未报警和未保护”的RPN是多少？,RPN=60.0,60,正确,1.0,328.76,语义RAG,0.3333,1.0,0,,3,,,60.0,,,,60.0,RPN,23,
480,480,Full-ΣMi残差模型,M1+M2+M3+M4,故障措施推荐类,action_mode,,M3_查询理解与语义检索增强,口语化/模糊检索,简单,失效模式“电池组过充未报警和未保护”对应的建议措施是什么？,定期检查和更新BMS系统,定期检查和更新BMS系统.,正确,1.0,366.31,语义RAG,0.3333,1.0,0,,3,,,,,,定期检查和更新BMS系统,,RecommendedAction,23,
481,481,Full-ΣMi残差模型,M1+M2+M3+M4,故障原因诊断类,cause_colloquial,,M3_查询理解与语义检索增强,口语化/模糊检索,中等,在项目/功能“电池管理系”里，失效模式“电池组过充未报警和未保护”这个问题，原因讲白一点是什么？,BMS 控制系统损坏,原因是BMS控制系统损坏。,正确,1.0,525.35,语义RAG,0.6667,1.0,0,,3,,,,,,BMS 控制系统损坏,,,23,
482,482,Full-ΣMi残差模型,M1+M2+M3+M4,风险影响评估类,effect_colloquial,,M3_查询理解与语义检索增强,口语化/模糊检索,中等,在项目/功能“电池管理系”里，失效模式“电池组过充未报警和未保护”最后会带来什么后果？,安全事故,后果=影响电池寿命或永久性损坏,错误,0.0,491.86,语义RAG,0.3333,1.0,0,,3,安全事故,,,,,安全事故,,,23,
483,483,Full-ΣMi残差模型,M1+M2+M3+M4,故障措施推荐类,action_colloquial,,M3_查询理解与语义检索增强,口语化/模糊检索,中等,在项目/功能“电池管理系”里，失效模式“电池组过充未报警和未保护”一般怎么处理？,定期检查和更新BMS系统,根据上下文，没有找到编号为 LFP025 的 FMEA 记录中关于“电池组过充未报警和未保护”的失效模式及其建议措施。最接近的是编号为 LFP025 的记录，其失效模式是“电池组过放未报警和未保护”，建议措施是“定期检查和更新BMS系统”。因此，对于“电池组过充未报警和未保护”一般建议也是“定期检查和更新BMS系统”。,正确,1.0,1144.16,语义RAG,0.3333,1.0,0,,3,,,,,,定期检查和更新BMS系统,,,23,
484,484,Full-ΣMi残差模型,M1+M2+M3+M4,风险影响评估类,risk_colloquial,,M3_查询理解与语义检索增强,口语化/模糊检索,中等,在项目/功能“电池管理系”里，失效模式“电池组过充未报警和未保护”的风险最后会体现成什么？,安全事故,根据上下文，项目/功能“电池管理系”里的失效模式“电池组过放未报警和未保护”的RPN值为240，对应的后果是： 影响电池寿命或永久性损坏。,错误,0.0,667.63,语义RAG,0.3333,1.0,0,,3,安全事故,,,,,安全事故,,,23,
485,485,Full-ΣMi残差模型,M1+M2+M3+M4,故障原因诊断类,cause_bool,,M4_证据裁决,证据裁决,简单,FMEA编号“LFP024”对应的原因是否就是“BMS 控制系统损坏”？,是,不是，“LFP024”并不是上下文中的FMEA编号，正确的编号是“LFP025”，其失效原因确实是“BMS 控制系统损坏”。,错误,0.0,726.62,语义RAG,0.3333,0.3333,0,,3,是/否判断,,,,,,,是/否判断,23,
486,486,Full-ΣMi残差模型,M1+M2+M3+M4,风险影响评估类,risk_bool,,M4_证据裁决,证据裁决,简单,FMEA编号“LFP024”对应的后果是否就是“安全事故”？,是,不是。FMEA编号“LFP024”并未在提供的上下文中出现，因此无法确定其对应的后果。根据已有的信息，“连接片过热”的失效后果是“安全事故”，但这是针对FMEA编号“LFP021”的情况。,错误,0.0,1196.24,语义RAG,1.0,1.0,0,,3,是/否判断,,,,,,,是/否判断,23,
487,487,Full-ΣMi残差模型,M1+M2+M3+M4,风险影响评估类,mode_project_bool,,M4_证据裁决,证据裁决,简单,失效模式“电池组过充未报警和未保护”是不是出现在项目/功能“电池管理系”里？,是,是的，失效模式“电池组过充未报警和未保护”出现在项目/功能“电池管理系”里。,正确,1.0,1030.98,语义RAG,0.6667,0.6667,0,,3,,,,,,,,是/否判断,23,
488,488,Full-ΣMi残差模型,M1+M2+M3+M4,风险影响评估类,risk_mode_code,,M3_查询理解与语义检索增强,口语化/模糊检索,简单,失效模式“电池组过充未报警和未保护”对应的FMEA编号是什么？,LFP024,LFP024,正确,1.0,310.88,语义RAG,0.3333,1.0,0,,3,,,24.0,,,LFP024,,FmeaID,23,
489,489,Full-ΣMi残差模型,M1+M2+M3+M4,风险影响评估类,risk_mode_project,,M3_查询理解与语义检索增强,口语化/模糊检索,简单,在项目/功能“电池管理系”里，失效模式“电池组过充未报警和未保护”的后果是什么？,安全事故,后果=影响电池寿命或永久性损坏,错误,0.0,417.51,语义RAG,0.3333,1.0,0,,3,安全事故,,,,,安全事故,,,23,
490,490,Full-ΣMi残差模型,M1+M2+M3+M4,故障原因诊断类,cause_code,,M1_编号直答,CSV直答,简单,FMEA编号“LFP025”这条的潜在失效原因/机理是什么？,BMS 控制系统损坏,BMS 控制系统损坏,正确,1.0,425.91,语义RAG,0.3333,1.0,0,,3,,,,,,BMS 控制系统损坏,,,24,
491,491,Full-ΣMi残差模型,M1+M2+M3+M4,风险影响评估类,effect_code,,M1_编号直答,CSV直答,简单,FMEA编号“LFP025”这条的潜在失效后果是什么？,影响电池寿命或永久性损坏,不知道。,错误,0.0,432.26,语义RAG,0.0,0.0,0,,3,影响电池寿命或永久性损坏,,,,,影响电池寿命或永久性损坏,,,24,
492,492,Full-ΣMi残差模型,M1+M2+M3+M4,风险影响评估类,rpn_code,,M1_编号直答,CSV直答,简单,FMEA编号“LFP025”这条的RPN是多少？,RPN=240.0,不知道。,错误,0.0,264.93,语义RAG,0.0,0.0,0,,3,,240.0,,,,,240.0,RPN,24,
493,493,Full-ΣMi残差模型,M1+M2+M3+M4,风险影响评估类,s_code,,M1_编号直答,CSV直答,简单,FMEA编号“LFP025”这条的S是多少？,S=8.0,不知道。,错误,0.0,253.5,语义RAG,0.0,0.0,0,,3,,8.0,,,,,8.0,S,24,
494,494,Full-ΣMi残差模型,M1+M2+M3+M4,风险影响评估类,o_code,,M1_编号直答,CSV直答,简单,FMEA编号“LFP025”这条的O是多少？,O=5.0,不知道。,错误,0.0,271.77,语义RAG,0.0,1.0,0,,3,,5.0,,,,,5.0,O,24,
495,495,Full-ΣMi残差模型,M1+M2+M3+M4,风险影响评估类,d_code,,M1_编号直答,CSV直答,简单,FMEA编号“LFP025”这条的D是多少？,D=6.0,不知道。,错误,0.0,281.42,语义RAG,0.0,0.0,0,,3,,6.0,,,,,6.0,D,24,
496,496,Full-ΣMi残差模型,M1+M2+M3+M4,故障措施推荐类,action_code,,M1_编号直答,CSV直答,简单,FMEA编号“LFP025”这条的建议措施是什么？,定期检查和更新BMS系统,不知道。,错误,0.0,280.67,语义RAG,0.0,0.0,0,,3,定期检查和更新BMS系统,,,,,定期检查和更新BMS系统,,RecommendedAction,24,
497,497,Full-ΣMi残差模型,M1+M2+M3+M4,故障原因诊断类,cause_mode,,M3_查询理解与语义检索增强,口语化/模糊检索,简单,失效模式“电池组过放未报警和未保护”对应的潜在失效原因/机理是什么？,BMS 控制系统损坏,BMS 控制系统损坏,正确,1.0,849.68,语义RAG,0.6667,1.0,0,,3,,,,,,BMS 控制系统损坏,,,24,
498,498,Full-ΣMi残差模型,M1+M2+M3+M4,风险影响评估类,effect_mode,,M3_查询理解与语义检索增强,口语化/模糊检索,简单,失效模式“电池组过放未报警和未保护”对应的潜在失效后果是什么？,影响电池寿命或永久性损坏,影响电池寿命或永久性损坏,正确,1.0,543.53,语义RAG,0.6667,1.0,0,,3,,,,,,影响电池寿命或永久性损坏,,,24,
499,499,Full-ΣMi残差模型,M1+M2+M3+M4,风险影响评估类,rpn_mode,,M3_查询理解与语义检索增强,口语化/模糊检索,简单,失效模式“电池组过放未报警和未保护”的RPN是多少？,RPN=240.0,240,正确,1.0,295.45,语义RAG,0.6667,1.0,0,,3,,,240.0,,,,240.0,RPN,24,
500,500,Full-ΣMi残差模型,M1+M2+M3+M4,故障措施推荐类,action_mode,,M3_查询理解与语义检索增强,口语化/模糊检索,简单,失效模式“电池组过放未报警和未保护”对应的建议措施是什么？,定期检查和更新BMS系统,定期检查和更新BMS系统.,正确,1.0,343.36,语义RAG,0.6667,1.0,0,,3,,,,,,定期检查和更新BMS系统,,RecommendedAction,24,
